pid,predicted_label
eywttujal8,0
msagwwvcpf,0
cxywc79dxr,4
9kfydhmwko,0
d73djidnac,5
hmegy9fidw,0
5k2gblh6ry,6
52hxi6fhgd,0
eh4ogemdf2,6
cnhczykqjl,0
clmhsaziqn,6
ccecvtnhse,6
rcdoyu242l,4
nngw4bkrcs,0
57dpd5d2wb,4
3jd77y8hm5,0
cth78vln2r,4
3jhby3ddw8,2
kbelgwn9wq,4
cxxvsdjfza,0
9rk6wvq8jh,5
knor2w59u9,5
cydtxiwjfa,4
tzjbeycst3,5
kv5jkdu4dj,0
6odn5jgkd2,0
mwcvlggcog,4
mfzjtswqi3,0
mvnu6megm7,0
3dpcltizh6,0
ojnwwuh2py,4
qfs3zw6e7w,0
4xysftatzw,0
mfxiw9me6p,0
lydkgzvopx,4
vj3je3ujrj,0
gxavfahaj7,0
j22vtfhyqv,0
t4zkpwktgf,4
4znjbadxjv,4
yq9ywbcnyy,4
pmffy3dhen,0
xghkubttpc,4
rudmerphnr,4
dbzihqyzrl,4
rgjhxdf68h,4
nn4eylfvws,4
virzg7hgqk,4
esckfkcmp6,0
gip9h7zbna,0
wgvasszmbv,0
vjsqcnmywz,0
mmja2ccdim,0
suvx9vbtb9,5
mkuccokmyx,0
rjugwxjvon,0
3qpc8bncvs,0
dopgzjkyzq,0
3oldwpbhcw,0
i9laavchep,0
v77a95j5ui,0
mmqmfm4ku8,6
xjabkhudd2,0
hresd3bqkv,6
kimqtqnlrt,6
kxoupjdp5k,5
kpycy4coe5,3
fzuuvo6wrq,0
d9evlknrqg,0
nnlqg45hac,0
hqqyu8kvjo,0
us5jhjg97p,0
ftrrgl8ds5,0
lptzepldam,0
ty499pcsks,6
ikjdjpvi9k,0
jaktbqfn86,0
kxj5evxecb,0
kqq7ezseew,0
ih8xfp9oyp,0
jmgvmpdppt,0
dvwrvvbmfu,0
qehdcvcuyz,0
3jhszouxih,0
quwy7rbzam,0
kvmrunldhj,0
6smukbeigl,0
8p75bu8swe,0
9unkgygeye,0
fps5dt5rdv,0
tfegjvzhvc,0
6vvzirmqvy,0
zub7uepxtf,0
uw8fodzkaq,0
esw2jf8abp,0
bmuzesvg2c,0
f4a7vxj7wv,0
g3uwcupb3e,0
b67ffu3sxr,0
vhup9w8wvr,0
jqlg4bgke6,0
ss5pjbpkcv,0
lth4y7ddnk,0
st77tdcpga,0
kt6nfxmtz8,0
hxmjab8e88,0
hkwpglbpgc,0
hwwmyy365j,0
fsj23bxenu,0
esn6ydjxto,0
bojngzk2qu,0
stkyzzwfxl,0
mhko6mktb2,0
5fgtn2jydy,0
pirqukrgaz,0
5zam5qzejj,0
d3yg8zmysh,0
4zxvz3k85s,0
lqxmjzsxgk,0
syipqredgg,0
f2g5gbyxj5,0
xrffj4fksz,0
79qknckxva,0
2hwk29xqju,0
ecxhfgqytv,0
tzktd2qhjs,0
egnsvulb3y,0
6jkpjvb3mm,0
fbbiyrywlu,0
79redfbhzg,0
bwyzwhuaoc,0
hohgrvmxck,0
anwgrrncwn,0
plowgt2jly,0
8v9chwdwqx,0
fhfu66w3b3,0
8n3mj6qpdn,0
nscejmcmcp,0
qsgjmj4mxz,0
ckuph7nkpf,0
w5nertcxuq,0
ajcnzzlcau,3
cymbpufaud,0
cc3dlhuwvc,0
fexkagk9re,0
idfut2tiq4,0
hnp85sfrar,0
yz7wt296gt,0
9r2x4fgmz4,0
apmmw7hsew,0
nistyedc8d,0
x3qxgp5ekr,0
wghnwzvw2u,0
fm8gdvbtm7,0
tc9mz6ijeu,0
yj2nwwqo2m,2
a9r5oo6dfp,0
3vwggqrncp,0
9mthjsriyy,0
37ujeeklhh,0
p4azbuq7dx,5
fdthxsamjz,0
ycyzpsjqcs,0
xd74tpuumg,0
kcmvoh9zy9,0
mzyfdaw7yr,0
o2vxufunol,0
ygdw28etna,0
mubrbzjyom,0
j7wk57pukc,2
xwwmqthflu,0
m5zxeqgnda,0
svpyxgtfw4,0
eqcluqsk4r,6
eskod7fyms,0
dkq2pvxoca,0
glh5bgnkl4,0
isxjemaxmr,2
4ijon54yfe,3
hgsraefhcp,0
nzrhjhtod7,0
my3ppeda2a,0
jtsoiqskac,0
psbbzotzbt,0
pe5mmdwe36,0
lg5pcmyjfp,0
elwqdctayh,0
7yfhy7tnya,0
mocxzqgzf8,0
3tnaukbtps,0
44ykzhdica,6
hn3upnpsxc,0
pyv3k8pwp6,3
tmxscrm7vx,4
u5mqpydwnc,4
9se6jtpvjv,4
5g9ykroyur,0
gtftk5vreh,0
sefbnbqliv,6
biwctgvawp,0
xjdm7yuzcd,3
dfbn6m9p7s,4
vrwhtmqact,4
ixfmkkqkg2,4
7upvfff3mf,5
rxjgla5xvs,3
th2p7dxqnm,3
rvq36evzgc,6
84n2ok7w6k,5
7gsatfervb,5
utqh7wxmux,5
x9aaftfydl,5
hqsdmhtqyp,5
iwgczjo3sc,0
jfdybzbyuf,3
bi6cvaibuz,0
iswuucfnuv,2
hzhkczcmt3,0
mxqlwv7mdo,5
gesjetvjuc,5
4jzjkfbf57,2
8vhzchxcod,0
9ye5uckh6k,0
xfegkhffyu,2
whfannfpdw,0
oe7xwkwnkn,4
tnnzzpa654,0
dznysrfjqu,0
vnqjovufaw,0
caizvnbikg,5
bzqjvq2rxn,4
as4jw5sgkq,4
umurghv9bp,5
r8jwuj7uzo,3
mtemdj9ya6,4
9w48hcp9xz,4
h9es6vr9kz,5
yfdpj9y2bm,0
25wtfxzutb,5
dwpemuqv98,0
feyfxikmxg,0
2s6yl5vgky,3
zrpynjmokv,0
hxy8murvka,6
hfsxfb6nh9,6
ag6z3uaf4a,6
u9sf5xszdw,6
jqyhyz2u5f,6
buwdjnckxp,6
dupcnmmtwo,4
acbgxnnfzp,2
l9x4wmnerj,6
nskmm4fysa,6
7ntyaltdqs,0
khxbsgxx5d,4
wzuvgexnho,0
dr9xbscc3v,0
krprgxybet,0
knrgvvrgd8,0
znjmytkvba,0
yzmlrkau4c,0
awkn7rxhyu,0
wma7d8dwrd,0
yhvuh8kqry,0
7yhhvpkaqz,0
7rudlropzo,0
yzqbyrdatm,0
6xestytnmp,0
zwcusg9xuo,3
vpzaa7bgtt,0
ggfiwlszwt,0
cvm32qbxfk,0
ketp3ppucj,6
znigf6cetf,0
iqdaokb5ag,0
ccmm2m4icr,0
l3msaetwxr,0
cp64tolmkk,0
mzaaqdeald,6
dqyvalwci5,0
g9oncibj5m,0
siyqebdzf5,3
ajnjkbjwnk,0
bbbpwcpozm,0
cjfxrsbevh,0
fuqyyhy8f2,2
maxn4vmqek,0
jvfhygwtrm,0
6moi8ufyaj,5
7xxsbkzuyh,0
rwc9gtwhbs,0
wg2dy5wutu,0
mji3wiw8ee,5
aze4ogpsem,2
9jifclfhws,0
cdiwtzmwmy,6
cgzbrq8bnr,0
rpudgclkdt,6
7ber2yeqru,0
5fmuq25x9a,0
tyjse9ymg6,5
dcgjty8zts,0
2csrxtptpa,5
dny4k3frme,0
qzmvmyrsvj,6
guzu5rdocn,0
hp5afvxdg7,6
idmcsnymhq,0
ynxmcxkgvl,0
2kprzyxpba,5
psxjvs6kka,4
x3338kvdzc,5
vbxstdy2cv,0
g3umbwpkzf,0
arz5ymq2sg,0
8xznntxres,0
icgj85jths,3
97ocyh9dht,0
gjn2rkywx3,0
n3ar35q7hk,0
wiegkkgrzx,0
tsdkxrn8ry,0
jjdf26nabz,0
ysx4cn82yk,0
a4iqtpykz6,0
zpgzrysgmp,0
6yy2ugrksk,3
6kvc9avtph,5
unh9kdjcbb,4
aee8jrrrsk,3
jkzad6gudz,3
pfki2fhjvt,3
dpgcxkzjaw,3
7vwwwxmpxx,3
9dwdeidtzu,3
fdw96kax9o,5
ndekuvesha,4
wrq6rqxtcg,0
khnwfmaywu,1
arp7kh7puq,3
gpmd2appvj,0
igusrjzhar,0
tctjgxfa8l,0
tpumfp9wmq,0
ejmk4yne8k,0
bvumxjsc36,4
ujvzxkptuw,0
dvfq5rwwyt,0
tujc65wqd7,0
8xpwvi8wqr,0
3wzlumreyt,0
wanpq36jea,0
t6ildbghus,0
d9wemy37ns,0
ipyuz7fk5u,0
z2zyokeaqg,0
k6zhqbiucl,0
2zjb6ldjby,0
a3vejfe2kd,0
hhcmjyvngl,0
dytsxdqgto,0
gyhcdeszup,0
v4iqpomcsw,0
mgu7uftli3,0
2pshnt8t2f,5
iyqjp638u3,0
emnm4shjxt,0
nkjp6htmfe,2
z7lnnlqriy,0
cs3ukpe7op,0
vyipoewszu,0
kkqo7rdnvf,0
zrlfdyyrvf,0
ptjet98cqx,0
jg7da4sxk2,0
m7qrvw78mx,4
3kyaw96baf,0
isg55sw8bn,0
ghsqk4j9pf,0
vwsuxld9ge,0
auwemtlou4,0
qbmbvhznom,0
cz9kzn5igg,0
3dy2ftxbdc,0
chtyfqnxvm,0
myc9ujw6f3,0
fjhqzzdn4o,0
zzvxsygznl,0
k3xomfuc75,0
yftjbdbrax,0
m49dc7ewme,0
82hwxegtgl,0
isfca5arx8,0
lrnd9kjrpt,0
kha4esqzj6,0
ph6qvmb7yy,0
qbaknddyxz,0
dtpecwft2k,0
2bgsezbfsm,0
lk6gybbtte,0
2dhwen34mv,0
rjyxxhahx5,0
f4cebcwtrk,4
g7fcngegei,0
gdcg5fdhff,0
3d3nd3mvk4,4
yemxbfcu5z,0
n6tffrhshk,0
vyclcrzrvx,0
mkkpt9yhmf,0
dxzrvlkdl3,0
9uxtdzi4f5,0
ytaphwm7kp,0
kbqqfbmutq,0
c2qo5murvk,0
megnny87nc,0
tctkgpafpn,0
crj7gq2y9p,0
evcb8h8fcr,0
cqfbs5dg7a,0
dgwspq7pu7,5
bagvfsng2i,0
ebldzrn9dj,3
bx5jmu5lsi,3
ugrqbkkeuv,0
sypktcqieo,3
dnxkvjvu6q,0
uhrl8k9ghr,0
d4rjyubfxc,6
jtq9wawryg,5
8jqnkhfix3,4
4zzzq9ndem,6
meth2ywhbf,0
fefqczn3qm,6
j4epl8qmrt,6
6dc8366hgd,6
decq3pscrw,0
igjdfuh3kw,2
9htyvbwyw3,0
2f2ixxqwjq,0
bpe8aevjhz,2
3krwaxhhgm,0
dzzefyqnof,0
rtdnprstfj,2
o6rbblb7s2,6
xar88dssrr,2
tvtnsqprsb,2
ix4osrknge,6
f3r9ujptbn,2
cjjapdivmy,2
qndndtjvhj,3
8nfib6uuow,2
bspw7xzn8f,3
9xgozpeh3d,2
amlrsa4b6r,2
xgxftdhce7,5
rcqhvbtmx9,3
xvxpadqbsc,4
ni3vxybuoo,2
brgu4eyawg,2
ds7qxsbdqk,0
d73gq9ewvp,2
awjwpebyag,2
6drpwpe4am,2
pbeqepksqq,2
geezqgsrdi,2
b77gajd5wu,2
2wbfdfdh3l,2
8y25fayuqg,2
xujviwii36,2
l8n5pzrtlt,2
hjhz7dwsp3,2
zkmz7wxgml,2
vswcuakcwb,2
hugwqme5pw,2
ijqpkdfgzy,5
qshjrrdee4,4
tkaksejkij,4
b7hskdtnoo,3
hr2g3sdjxn,4
nntuzrjzhk,2
kgcwjmohuf,4
2ulfpyjxdk,3
rfv4elqlaz,3
nnmsgbczyz,4
mzmt7gd8fu,2
wmwkostuhg,5
2cctqhtgwh,2
f99adg6dmc,6
f68ynsrn2d,3
75uxaeqan6,4
erbthf8guj,5
7xdquavpiz,5
geq4efa6se,1
d7jjm4umxf,6
hq4qhn8d5m,5
yamw6zfgbv,4
cgyrysfwme,5
ydt9cfkwba,5
eccymg5shq,5
kcco9hn5vw,0
imjbk63mtq,2
j2tpe3ngt4,2
vftcvslntg,2
7q9eujn3bq,2
x7j599g52g,2
3nygugs5r2,2
dh8dtaod3u,2
wpmrxks7gq,2
y4ywg9mptv,2
lxbs4hvfrf,2
dnfrvx7oef,2
pvh6qvwffj,2
kt5nbsi5cp,5
c4gfyt2iny,5
8z7kerxfae,5
xv9t2vcd6w,5
gtp9mggrdk,5
5dc7samoah,5
t5ksamnw3v,5
jzeajsazgt,5
36saxx2ibh,5
ohmjpnfngk,4
kmujrffraj,0
eppwybfpsx,0
3qbv8mwitg,0
yrymfqv6rr,3
2kcat8jmqz,0
jcmldu3gkb,5
nzprjzxoad,0
t68fajcmzj,0
lucsexo5vp,5
q6gmpnnasm,0
ydjww5pym7,6
zr3vky6uqt,0
rhmnmv8lux,5
nqepbu3an3,5
w9vxmr8din,4
5yn9opvkdc,2
c44wsa36ag,4
zoxidjivam,5
anyrcvwfkr,5
hamc5ydzky,0
bdukxs2vrr,0
mtiumvvzys,3
ye74mxd9hl,0
j9w6qmkfxz,0
gsd4yvjvov,3
kb6mso2btr,0
apux2bvbfm,0
dwlcnfjhug,6
pvmhwgyh8k,5
b4u59zegqv,0
flryko9mar,0
brxugjce8b,0
xtjwemltgd,0
psygb9hsxk,0
wendfy3foh,6
tkrrgzabtx,0
eckmzq3h6y,0
rxdzgeja47,0
mpq3abxjps,5
r8p6emjvz6,3
ecgyzgbtce,2
j2orlzbrmn,6
cn5giekgod,6
7p2vm9fyyf,0
a6wckrsvrz,0
jyawydf5xz,3
aksckhuiwp,4
saahs2qmvl,3
qys4dibgw2,0
puuduymi8v,0
s6fssakf9u,3
eygg63hr7j,3
zjk8aonxgr,0
iatesb5vb8,0
ht2xnhlfxq,6
ycxaqlw9hf,6
d3tdaf4qk9,2
4irkfs7rrm,4
nvdssepwme,6
ibpzhcht6s,4
k4ajm3hnmq,4
hunmknaz6m,6
q8p3ejhw97,6
rfthwhx8c7,6
jxst7uun49,2
ck2dunoakc,4
n7unkpz5ya,3
2oapqnj75n,0
gtkanjk39j,3
p9opywconh,4
dxg29m4bmt,5
otqg8qaspv,4
kxvstvgfwg,3
gto26qv3u4,4
8kdl86mu4p,4
4sdlfatrt3,2
x6rsbxjsts,4
sfv9svarv2,5
ee3bqjfncf,3
sswt474tj9,4
ye6ksgy7a2,5
kr62tzsebg,0
crlkj9aldg,3
blwzavmhmm,2
kkm7k3vq6c,3
ryy2pkxpqn,2
qmxawqpmiy,2
jxpe8u7tlf,2
gqtnc67vaw,3
a73rws7ehs,2
8hfxwfxdkv,2
b9ejeahgub,3
ynrmftyfty,3
nene8okfyj,0
c7tpfkib6m,2
rng7ccahxx,0
hreux98mfs,5
wwbjwsaq7y,2
a8rdb3wtwg,0
hvptkcb7hf,0
ffuyygtbge,2
xw4ty3rpmb,2
7qe7dmzw6g,5
dnzlxeuzgl,4
2pswdd4ugk,4
rybb6yvbcd,5
dnkisuysvq,5
cks2ok7ckf,5
xoaqbsr9vp,6
f69maouq9n,2
mkgqefmzzp,2
egdbejks39,2
dkwmfursy3,2
ia6vjxqbqw,2
c3oprlnpqq,2
mumrtpytpr,0
dcfkbpzfyg,0
cyhqyap8ys,0
phuda8arib,3
cpwqhsiw3y,0
dwdtjcjup3,0
tu4getongr,0
4demvzcant,0
xsjjizhsma,3
5muyjeobed,3
bwnzpdxfed,0
vxgafzsbmq,3
ifmw7ljsny,0
ivbxtet7ou,4
ienxh5ucte,5
mykqhycfsq,3
cttrkbfwnx,0
5wtx6rv5s7,4
ovjkancpnv,0
c258yfrggu,3
pttu7mqadc,4
xn6ojc2rwn,0
yzjf7glkg3,0
mmvrurwq2q,0
gvwvjwpusz,4
nsm8sefavp,0
eqi2zfrd2s,2
4vckdbpbk5,4
mzen23wdvy,4
bblfomnye4,4
cosyn4ajlo,2
vxsjorqciv,4
f7mj89tmpt,4
mczrovkcu2,4
gjvxvjkfro,5
4hrvjdrn3a,4
whwxawist3,6
f4wubsuds2,4
arcemwnvms,6
4e7xmpzw8l,2
jbvusvavvi,6
2dcwim7syl,5
ed383up5ee,4
75jvypa6ni,6
qtijr8he2r,6
mm4lqv4dmy,6
bws44aaowy,5
6qmibfqjgh,6
iy82kqaifu,5
ypsmwyqs8d,6
jvp4pazt4f,2
gm2t9425qy,1
ydjrjxzmdq,5
vzvnvpeanz,5
kgkcs93q82,6
igzkv9rhhf,6
cayxnmfd3a,6
mpxwmjvak6,6
ohsaya3ofn,6
kupnzqvxdr,5
dx58yflkkp,4
2arlzow8m6,5
m2vgajf9xl,4
mhrnjt2hdr,4
9bwxr5dxb6,4
ayu5jrv6vv,4
lzzba5zjyt,4
cx8oy3ctud,4
kf39fka8sy,3
pp9l9g6p4w,3
pwco7igtcs,0
np2jmxvzjq,0
8wteorsnxh,6
ie8qecqm6a,0
vktrivnnd5,0
3kdgqo2rya,0
kg7p72yftn,0
yusjyjtv2r,4
xfgzjxmatx,4
id9hsondqp,0
zjzkehj3iu,0
n3rca6fp2s,0
fazjwethpr,0
5zxpjsz7sa,0
4ouuo2vwpf,3
8eyfd3rd9v,3
6ijtr7wobd,3
ixar6ukehf,4
zzfq447gpt,6
dzwy9fjjeb,6
ykwojrfj85,4
kqp3xq3gop,3
aibfipg6zr,6
xs9ddik5uu,1
53zokopbux,0
xexj8gsmgi,3
exskay3beg,3
wmajwwuw9h,6
jb6opy6cnf,0
6ulnbgufra,6
6ijnmwmkyh,0
fgkwwel722,0
eswf2cl8p9,0
esspxjahvv,6
tqtgbcrsfq,4
35bvtbnwva,5
nfu87m88h9,5
yb2iggeqjj,6
p5ctqrhqth,5
gvxepn7wm7,6
h28kffm9j9,2
hmv3dkumnl,5
fbz4csk9rc,5
bxeggyxbdq,5
fumauyyqvw,6
ptk26lqwp9,5
khlz3pyxf3,0
rpbvjhmkys,4
yutcbikm4k,4
chdydj4rbq,5
uquugbrvnp,5
ndne9uiksd,2
chsiratead,6
hgjfkt28hy,5
w8pfcoztab,6
wkdgk24i8u,0
qfbdvjsprp,0
3jlw9csb8f,0
dynamlxyv7,6
dnr7h6odgw,0
xpfrraud9h,3
k86pnpe6av,0
vwgwsqvrmu,6
bzpbgqhyd7,4
me67vqbc7f,4
y7th3wyfhb,5
jazsnstc8t,6
2rvwyhxqvs,2
3aatoifefy,2
knwkr7m63v,0
c5bnxhy3hi,4
6vxbvdprmg,5
gx67jpapsh,3
ex4rmu9wjz,6
mrv6urynfm,5
tkk8kivm3a,5
oxrbkb7ydj,2
9e9ukzpqcw,0
3t6b92ggdm,2
uuww9dw2qd,2
6ghzsy233b,0
mjgkspuxeg,0
evrzsgsiq3,4
bea5ihaheg,4
svefonhtih,6
mzqwwjaoy4,3
lcsmls97ku,6
jymfr5xozh,6
2rykmccehw,6
gsuhd4ssul,5
rhdpbtcjpx,6
qen2elqx3t,6
gcq86agqak,5
j4uasrbbe9,4
ratwznfbqa,0
a84vfhd33f,3
kde9ndbxlk,0
i457sltjr9,4
25xqvcygmf,3
jadguvvrgm,4
mg2uesgqey,0
4mdz2qb5ju,2
cvmkjanas8,2
tcvztpqmts,0
czealemrpb,0
m5sfmnxfhg,0
n6yz8aysce,0
dmzh9ghvu4,0
54buj9xgpv,2
5eabacybwd,0
jm37khvvde,3
fragvzu9fz,2
e4uxm8ue36,3
jftjpxtktt,6
d4tr5qx8be,3
gfjapivssk,3
mvrebskvtv,0
re9rawm8ax,4
7mokgwsbeg,4
krh5lyivrb,4
o8lparupkv,4
sswplu4vk4,4
zqtb4hulx6,5
j54wpzzdvm,5
tnwuchotfz,3
miw49lt3kw,5
mepwbjviu3,5
7pbjzctnrr,0
5q6dutq7mr,5
a3f64kzbjc,5
h9gspdufck,6
xmfen7yboi,5
mr2rkzv3hx,5
3fkkamksnw,5
t8kqs3vwn2,6
nscf6geqzn,0
nlfoyknndg,5
cs5pd5rl2x,6
rswvrysdjm,0
qxzpmcszm8,5
rjqhstgtym,0
3oobyoig2c,0
tpjzlxhe29,0
jvhzu2okh7,0
aszp9rzhae,6
9jwdvlzvyw,6
wksnycje6s,5
irvnufaktc,6
irpvgtcio3,5
iz232k34lr,6
yekiun98zd,5
g9sm7bzzqd,3
enqjv6x6rs,6
73agnmezy3,3
qdqht6nflj,5
hqnxqnvrft,5
8nt96qcnvs,3
kzhp6nup4w,3
4vfhnbffpx,3
eo9jh3d6df,0
8qdtrqcgkg,0
26msckhpuv,5
efajhgdexd,3
m4fmazbkqw,3
8tttontcrg,0
nejrez2yfb,3
jpbbjmhfmo,0
kqebnqkipq,3
b8bgucucmk,5
ywp9mn8ava,6
pkvsfaefdk,0
28ggasxsne,3
egut4srwvh,3
7u2y7qqe9y,3
zyryqvxxhy,5
idr4ahgj3c,3
fdterb6n46,4
5wzck2czjd,4
capvjgfyo6,4
egdjrztuo6,4
txlhba9rmb,5
p276gyrmnk,3
bqxvx9ede6,2
lbhppubf33,3
5zhakzryeb,2
dzuw4waqza,3
avpnz4zg54,4
fxxyaxovqd,2
anx4xjkxxd,2
hqds9pmnqh,2
xkwuwmp239,5
ggn8vjfknv,4
6topfl2en4,2
4xxk4npacj,0
rceuakdvs2,2
kzhckr6ypd,2
adqshc7p4v,0
2hfkagk73z,4
fyhcsjntmu,5
vqwovfylmv,2
arwsps8rmg,5
veuq9asxhy,6
gjqwjjyykn,5
jrvw8b5wbn,3
wqbp8jrrt7,3
cbzgheme2w,4
3qgagevkcf,0
r9hsscbz4k,5
nwmckvqyyc,5
4ufmthqtr2,1
jfspzuwsin,0
g9adcyd3km,0
atzqbhauml,0
gpitnkb5yq,5
bkahbdfap5,0
9nxadj9wut,0
3enps8z8st,6
fixy48sn7w,0
8kut8cjbmx,0
2wyrpt6rpq,6
gqnnhzfuac,6
dcrccqdzra,6
ekqovi9y2s,0
48sqlbklwh,6
rp7ftdsdsv,2
gjs4kzdhxz,0
nghpsweoyb,3
5rest74xgq,3
9zlzu92cnj,4
6or3lr7fje,6
47isgbtyv4,4
dyj5ygtuh7,5
zrtu7mtrur,4
2e7llqzpv2,3
pdqc8izkfm,3
u8bcfpheyh,5
fupnlxk6dr,3
korkhpfcmz,3
ihatqkhyyn,3
embasoh9mb,4
ge9z75hf49,4
f9xmf694zs,4
c4msq7aqna,3
6rnrk6qoqr,6
2erhusrzac,3
2vaiww6by6,3
bvrbwvmjqz,3
bhrpgyrpfd,3
5wnrvzpta5,5
iqj5fy6wj8,3
tt4xuqrx3f,3
jc9khs8era,3
gvvfarmiqc,4
auk7qpu2gv,3
5of8i2uekm,3
cy6kdbkzmp,3
ro3ihury72,3
hkmby9rrnz,3
qbthqvmmpj,5
ddfdfxsg9p,0
repx5xqm4l,0
34qdfmouao,0
kugxkhemmb,0
sz6ybenvqr,0
95xapeyxr3,0
lgsq49qqut,0
8efjqicavx,0
fzibah7tsu,0
s7kdsax2c5,0
wlisbfdza2,4
9qympfpqyg,0
iysbogo9kg,3
9rmvkka7ge,0
hbhewesbuc,0
wvm5tyha83,0
ouejfshtcc,0
utfcawsm9l,5
arggcg4jzl,0
c69mqudvcd,0
3cmzqdf2nz,3
qkbcssxez9,0
7f4bxgrmjh,3
q5xlg3ddfc,3
qraunvnvvm,0
dya5srhnef,5
ntv43xjvnv,0
g7qylumhee,4
fwxcp2xewl,3
9yffbhfwgf,0
fxhnarvsg2,6
4pe8df6c64,6
iz32vmubam,6
gucfjpy3tz,6
dvvszyuhxz,6
66cuforprf,6
vhserhugw9,3
9glxwngszm,5
k92nxxchsb,5
8lhutgiwtx,0
gggkhv833t,3
btjh3i9s3h,3
nwie4iskka,3
hzoeqb934w,3
g8zuphyeij,3
kgsznc6dpv,0
xbtmjovbrj,0
a6wzjb7uwh,0
9dswaazvkz,0
hbsqry6uzs,0
ryvchoxkx7,0
hmgje5wgqi,0
bi7hggcs7x,0
ka4kh4lgnu,0
lzxkuphmuj,0
uvgsskep3i,0
td6q6ahndc,0
tqwqk3tqyv,0
gsnbpsjuwa,0
5v8dhmab7c,0
ubrkzx2rqw,0
ldx38nse8w,0
eb3829rkvy,0
hbgxwwjf5e,0
sfpmxbw8pt,0
zefhhryunb,0
yaya5larbp,0
ga3t4v7zjs,0
xvhu8rhds2,0
nhskxddbuj,0
cgrdkqxkpm,0
xjpjkmnrtd,0
z6wjywfn3o,0
jndoqtvlbt,0
ywjwnjx2fy,0
7hihyxvdjk,0
ivrcjrxgr2,0
nbihmadq9a,6
zidgzpih4q,0
35rsqemdxd,0
4maexpjev8,0
k6pqgngkxr,0
astnhcmefh,0
xxewdesq6f,0
g3dbnlgil2,0
59fqm8updk,0
zjdsgcqqs5,0
jtsqpy64t6,0
zhsyxj9nud,0
pmsmckzrn2,0
jvpgtapg7b,0
6tg6qwlec4,0
lcyyotvchc,0
zsnqkkjyol,0
kmwhstxv6m,0
gnm229bjkp,0
rhnfamlaay,0
zj4glxv9ef,0
r8ksj7qxdj,0
de3ezgstbz,0
awurhjm7n9,0
m7vqnlsyqf,0
6yj7ts9q6c,0
875rwkiw4r,0
szyhjdcjwx,0
dzvmcvj2fm,0
3pqm9vzd4m,0
cygpef7sly,0
i565a9vzto,0
kwux3mtqrf,0
xsu93x5ahy,0
bdb4lqysvb,0
vjevvujhuj,0
7rcedunqof,0
enbwmmlwvk,0
jelzza2xnm,0
yxqmrcsfwh,0
am3fflypmi,0
ezqxsbsucm,0
yz94pzrnnf,0
5mbghmf7af,0
fhpye5xdre,0
jhbnwvitf6,0
cxke9jsmmb,0
sdngyksk3f,0
cfggvvhyka,0
udnpydu8qx,0
tyk3756ekx,0
vcy7afy4my,0
ccg5q5pukd,0
giml3r76tn,0
hyhqkm8vto,0
vdpruxbagw,0
f8gkdvyqmx,0
nhguem2xtl,0
hd3cmvmwzl,0
dhswpocbrn,0
ziyeuqyixe,0
cwdljzaias,0
hytfqnvv4n,0
7ub2j4lkwe,0
fdieerusvd,0
jxens4tnyw,0
higgfcdzcc,0
x4gjw4xxn3,0
lg5pi5ep74,0
nm3rdefar9,0
qsikxgfies,0
fswnaped9v,0
jqqanoo39x,0
dxy5bhkenf,0
hpu2uz9df6,0
crlh54pfrc,0
gobsq8vhnv,0
qivg9y6jzj,0
jze2prnhdz,0
4yi6yuk7y2,0
fdyxqcgt58,0
fvkynyt6j9,0
rmipypuc67,0
gryztdejy5,0
c2cnatzsjq,6
d94w9vcatp,0
qu2mvvd3gv,3
9tsytasgt2,3
uscgfk9t5u,0
7eycj9fv3d,3
ejbl7xeb5r,3
qjcwwqxevx,0
5pb3fmdyrk,3
8jcjzsfixt,0
cusa8dv5fa,0
tzoq6dwc7q,6
bqswphdhmm,6
k5tqsx3pnd,2
clyz4hd9vf,2
pvxz6t8e9y,2
j4k2viy6fm,2
wkcm2mceex,0
hmn9dkj6cn,0
6shtwz2f4l,0
clghtxkmgt,0
naaixcwrex,0
nhv69nw6nc,3
f38ufvtf6n,0
3kdoktsvnn,0
in8j3pcvrz,2
sgpq3ws3xm,0
cjwj9zxvwu,3
3ynmqmregp,0
lesbzcmvq9,0
er5vfdp4qn,2
mvkwzpfjrg,0
4kmzhax43v,0
virfqnvfr3,0
zlzt8ujtxx,0
7p5c7rl4pe,0
e652ycjs6k,0
ndbfudfy7x,0
csnbq7dytd,0
orh7ybe7n3,0
dtkwzyj3ah,0
lse6uyz6cc,0
2gqt9ozego,0
5e3rwfseyf,3
kbuf4mfsav,0
xkct8zuama,3
6xsa9jhzhp,0
mhpx4v8iux,3
hnldbvgam5,0
4dvjl5m5gm,3
4ulhxnd4kz,3
dn9ygfvy6e,0
hdjc7wp34i,0
38epl34uzs,3
cywexwk49g,6
oji9yfuaxk,0
ycyfcahjba,0
hyny4cx6td,3
f8hboeggro,0
dvtrrlykpd,0
emri7qbco2,0
mgqyyjrrrd,0
dgbqfvz2ws,0
mugewhhpfs,0
a6k6xp8mds,0
rxmvoye4gy,0
houfuqppgx,0
jkavdnlukr,0
jfk4ptuwfa,0
jsdwy8fkf7,0
uy8t7r96by,0
ggjevkokri,0
m7fxrefs3r,0
q34myd2ou9,0
dw4vdjjr58,0
a5ptmlzp4g,0
n3j7q6imje,0
7nf4rsruap,0
3njghkpryi,0
7n2gqlzsfs,0
hrmpxjq9so,0
zmtj3ausps,0
tu2cwju2ft,0
nrv39uxq8m,0
svqmhuogyp,0
5rito5yhpz,0
3rjaz8cgww,0
sakzrub2kt,0
98pgjzuhxx,0
bk76zjjs2k,0
begszacqf6,0
ns76yubssm,0
u4scnqvhsn,0
9mqhjx22ww,0
afzsw8e6qu,0
h7hjwrijvq,0
nw7gkfhcls,0
8mr6z67h4g,0
7chnkjqtgx,0
hwtxju4kt3,0
fvch9opakv,0
9lbvmgfl4z,0
maxzfnfsjy,0
eg4qfdcep7,0
2nhwpruj4c,0
3fhx2x7ntz,0
5hs2xz3kry,0
f4tfrv7qs7,0
yuhdhjhjyy,0
5cvrzk7kgv,0
5kg7hqm2qw,0
cbrkbvyqmw,0
kpanbd7dek,0
v5iznm6k4b,0
hu8rengudw,0
hwv6xf3bam,0
kn6ffdemvt,0
qiovwzlwqg,0
25nnpektbr,0
4buwsemtmh,0
d94nfjhkn3,0
7xv4a5zzmw,0
vks7ldufx9,0
4fcdxkh56n,0
hagna2e6km,0
5fjv8njn46,0
gfmmaybpqx,0
6cneiyrfv9,0
4c82rxxjyk,0
7cxos2gjup,0
alhv9w6qhz,0
boyp9vvnbb,0
is2dxjvkyw,0
scgkuxjhnu,0
qt3envy57z,0
juctdtzhmw,0
a86rs5ckz5,0
zjgkl7qodx,0
hn9mijqfax,0
p9kjfxff8n,0
aumj6rbsdn,0
wlkrdb7xqk,0
dpnurkgyv2,0
anpajuyh5w,0
cgc4dmhktz,0
7mvnvgzmpn,0
fwfrhhugsx,0
d7zsedhkje,0
q8u6b4umoc,0
au6mqc4uta,0
h9ekhjxar7,0
vh9xgbzbdx,0
4pt2bg3brb,0
jwsxevnw3w,0
hsgemk9hjc,0
rsm8iuwav2,0
padpjkavoz,0
wmgcmavell,0
xjpxjim4mw,0
dg8gkulz6s,0
qhvoy5s2wk,0
bvd4j9gcdk,0
jfeeiu9y63,0
6fhcpsiubc,0
8morpwmuss,0
fi4bnkvpet,0
6ipcmw9687,0
hebs8whhiq,0
dijvpkpnsm,0
cpq4dytlpd,0
2m6meiinwe,0
tfvlfclnl2,0
5pasypfdbz,0
eifes7vdvu,0
skx7ercvbg,0
8gv9vmd47q,0
4fbezni7cv,0
dsz7yagfsi,0
kqkuxpwrz6,0
fu9ztbc3v5,0
s5tk249en2,0
a5xw6rh4f7,0
erhtbtwmu8,0
6s6fm89q4k,0
gscnt8ngow,0
qu24ymuak5,0
pphazwqaba,0
bye95t7txf,0
lndvkinlct,0
mtfyfwqmoj,0
dspqxl9vfr,0
yj42e4vyea,0
yuscrfj2vb,0
fc33wfetz3,0
ccncctu8xy,0
sjscziduzh,0
i437tyb6uu,0
dwv7ihvjbs,0
moekpocrhq,0
g7qj6dk5nd,0
tbk8jq4ywf,0
zxaxwd4nut,0
tw3gymyvqy,0
2hhktvsnhk,0
7vnpph9egz,0
fwlhb2kufw,0
mje7xhdtjl,0
esdcmtzzc5,0
tzwkochtup,0
wcyzzinuym,0
ny57v8rixc,0
dytca5ufwc,0
wxse4ogpsf,0
3ebkusa5rg,0
kggtvbscqt,0
whfwjrjtzn,0
3tji7ektz2,0
czhbzub77a,0
cftdkg8zza,0
y5bch7dorg,0
dorfodtbvh,0
zqu3x8svbe,0
ts86tu2cre,0
uemxfvsgox,0
2vyh9jkm37,0
ppeiuosjnc,0
xnv8cz5qbw,0
nssb2g7dui,0
sfoc4edya6,0
j6q8dt43pb,0
d7vrknnsx4,0
nkw5exbhjt,3
c7zydtzwpy,0
zfkzz62l2b,0
bmjtksubjz,0
d6rsnvszvd,0
2qiynoyshz,0
cy9lys5gdr,3
brgnekavdq,0
xtcaegnxzl,0
jbqjn9vic3,0
pbhucuttwg,0
bg8y9idv9g,0
ktkxqp5vey,0
famunbmx8s,0
mpstuwhpad,0
38q84a5zjq,0
rwswjkprcv,0
iljwryx8s2,0
hvygt4grzn,0
d78gnn3dde,3
4rjebgohmk,3
6ecdbkspa9,0
fklb8plher,0
hwyvlx7nhs,0
mpnwjwymm8,0
madmyzhmpv,3
vhinh3wjrr,0
spebbotyud,0
quru4yxo5h,0
5gxau4drrk,0
iqlmf6fqfv,0
2nsxwhvr3i,0
kyffesd9xv,3
tiqycjhjf3,0
clmcc5wvg7,0
92wkuiviqx,0
is7p7h5oyy,3
mqs7s8vwq4,3
lmtrmwte8c,3
gaqmkvfadx,0
9cnftpkw8u,3
x99amsjpzx,2
6vkqnfbpkn,3
9ajvv59ppc,0
h2ryc53ocm,3
czjgcdytvo,0
nyb8ja3nb2,0
rp5xq8bzjx,0
zv3xha7rq7,0
aehp4gccug,0
iutifnxtuh,0
lqeh9fsyjs,0
jj3u6suory,0
cdl5otidbi,0
jzsuoh3mgq,0
jrugflftlp,0
khbepqtyas,0
bvpcqnrtyq,0
z97lzeucgk,0
efwyds6dqi,0
qzrak3vmbr,0
iw67knhpt8,0
h8tea5pmvu,0
7b6ltja8r4,0
wtrmhweegk,0
h8dxsstner,0
f24lj5lpza,0
funnszqbhx,0
fymfschsiw,0
qdrxdvhgct,0
axjpgbx9mu,4
ssgn2ucuvd,0
bhaen7wqhd,0
juq2udbrwo,0
e8pzlcvetc,0
9omz4h4ydy,0
cjiatdgxvq,0
ftljnfzds9,0
q927cxht8z,0
etcf4sesy5,0
gtajmf2hub,0
svcz86uphi,0
uzmwrnsycm,0
rc4vyxnvxp,0
jatuwauuuf,0
o79nkus4lb,0
6e5dxef5nk,0
gdppbgexhf,0
9mpeqnmobz,0
62vbtgaj4r,0
iuczshqcv2,0
kzjs6gg5sm,0
y7xrbvf5ks,0
6ekvknqzek,0
jeyb5ajakq,0
pimgtqq3en,3
r8qmlahrqh,0
7vtqpadx3k,3
bkmr6xoayb,4
wmcur4vjwr,2
ebp7ppohg3,2
4xt6ebxsyi,0
qt5irfjezu,2
au4dnntryt,3
qihbtc97fp,3
aleqy66urv,3
fptxtqu6tk,0
5u2sqfxcwj,0
ievlbj3awg,0
hsaxggtwkr,0
2f7h5acvns,0
dhpgrtj52a,0
bhbhyvfbgj,0
k8r2rshasu,0
esepwi9ddy,0
bvlvmeuafg,0
nvaqynk623,0
rirsfg9rsj,0
hyhzjw4uhw,3
tcudeszb6v,0
2arrn4qg4y,3
fgphgysqfa,3
axmum9zoas,0
cgpdxkvde7,0
z9bqkxbhju,0
4ss46gpvgc,3
en8hknddga,3
6fz6cltdet,3
kvf7yjzhyu,0
rfbljdh2gq,0
aqz7dztcnm,0
xdxz38wgnu,0
24akvvheae,0
fzlhj9zzk3,0
dwihebbb5q,0
n9z4gnbp8k,3
yl4wrgxtnj,3
cu7ytlfzzb,0
gsopcsftdz,0
cgcfxqhirc,0
9y2g5eu7s9,0
8nhzhdwpdi,0
xpxqxa4ru9,0
uzduwpzpwk,3
tk2w6rzruc,0
acpnkltwd3,0
zdv3gwxqfn,0
dggnuzectb,0
g97qdslzyr,3
jjyn6jgzac,3
fyvxl4k4pg,3
8req79svrz,3
aanuwgpevj,0
88pkg5sdsg,0
cxha8etwxw,0
e897bxpwmg,0
2z5uzjchhr,0
u8mbwba5uj,3
yfw5uegeck,0
dty8dly9yj,1
c86yvcze96,1
mai3gte3xm,3
ccm4rdqnxc,0
ebinkjypgo,0
zwbcdowust,1
ezzq2z29fq,1
6snxxvrhya,1
fzrdnv7fox,1
5sk4w8bxk6,0
xvavqatzcc,1
e743boous6,1
dw5cvj8mjy,0
egvpkbwlpd,0
cvrhluatqg,0
swentjfgrd,0
iyh5uwupl8,6
askgefswtz,0
huw5clqyte,3
gtunjqztur,3
xubpxn6eh6,0
kehfojerlo,0
hdbsmkhbzd,3
afcn336cem,3
3op5desc5c,6
sbpajpdaf4,6
e8863ajjzz,6
zyeptxxzl3,6
8itfnkkieh,6
zomsuys8qy,3
uwrmrfr4na,3
7dovqmzj7n,3
jrwygjnwuv,3
5in9keu5om,2
kw87ukvgg2,0
mpm5ajhk6h,2
mkbgfxxxnv,2
cjagjnsuxk,4
fut7h64nxv,3
cnf35earhj,3
2moqkuvd8u,3
8yojxjf87z,3
39rx6fbyba,3
2nsgbbsayc,3
vnu2pwea5e,3
wvltkoq3n2,2
ibx86fet5z,2
bffe3i2jbj,2
zkgnq6ayw4,2
v4upbocgka,2
ejnwlwxcwe,0
sf2dsavvyy,0
ubjcjpjthr,3
32g9anmde8,3
nwqbvjkdxx,3
navzniha9e,3
lyotdajuyw,3
havv8x9fbj,6
lay9tgmbt3,3
rtwtr9wy3d,0
jfah6pajgk,3
tnkvrxxdpt,3
xibykodjck,1
7cdbjcosci,1
iija5ep7au,1
4e76x5fpxd,3
g2sa3ueam4,4
8lkok8vquy,6
kx7ndhjbgx,0
dkxjchfded,6
7eyacxdl26,6
iszyt5ksqx,6
4sn7dshj4n,6
kkr7msn3rk,1
gwye3fwpt4,6
6wwsuk5dae,5
i5xyxpqyto,6
5ewa24rq3n,5
3bsavgwdeq,5
wv6tmwdgas,5
cbfzfwmduj,6
exarszoq9o,6
gn2fvzmrij,6
kenke2uznx,0
hc33bvygo4,0
s4hdhmgvs8,0
63gssthoyf,0
xedv7uvcdv,3
lgrsgtxf8l,3
fcdbxxqsms,0
qcta8yoisq,3
fgf8zqtbbr,0
7why67iemr,0
i9rkmwdqjp,3
ydug5xe3ws,0
e9agv6yvmj,0
cqzn7owcrk,3
j75lzntdpy,0
bzd5u3gh72,3
7gjps47s5m,0
hldb8atjzd,3
ahv2f3baif,0
bc8hp5ytwa,0
gdja9fun7m,0
hhup3bx2uu,6
a3gessqwxd,0
uwmveawbax,3
yuuf6wddnm,0
ndsm7lc5fo,0
ey64qtdmy8,0
dd4f3ygdni,0
yrmlluvy7q,0
29d2iifbka,3
h8bqdzezbe,0
8szir5pyke,4
l37gfgsulq,3
edhrazg3bn,0
ndpkgb9gzk,3
gm3pxdmgrv,0
jgget4g74t,3
zgmryfhqxp,3
v5xmn6fxxt,3
btdr2unjrs,3
erkeo4vbum,3
5xf6spxdlu,3
8vc3au7m6h,3
he6me8nnxs,6
sdaifsyqca,3
mgshhdpah7,3
adowqbqyhq,3
d2rgf7ccyp,0
pndxhnrmxg,0
96vvaxarpt,0
gkyu6whlpa,0
i4xgnmpnip,6
569hpr59m6,3
k4sqnenthh,3
69zwhj4pxh,0
gxu8coryux,0
i8o8cdncqm,0
gonffgakmw,0
3mjsqamcas,0
5xcjcajrtp,0
bwgusgwqbg,3
nbnxgd6xgs,5
joyqu39vcn,3
jhuabye25m,3
oxtl27ppir,0
6yqcbiyez7,2
i5pvfsqxpz,2
77fbqm9qj2,2
nbbryuahm5,0
jmfhtbhmjg,3
7vhtbjchgj,0
laumtyiqek,0
mb2gjeb2yb,0
2vtsumfzyp,0
nqwgidpddh,3
q2tl5mm2br,0
fonmqakytz,0
jkbvgdceqj,2
fbodehnqdr,3
edqwg3ssl9,0
b8mcadbxtf,0
4bgac7fxg6,0
jq2ydjqbmn,3
rsjzvk42cp,0
8a8srdryte,0
kcgz6k28bq,0
jluwjxwwdh,0
lwrzhvnobv,0
kacusz4pbu,0
3sagrurxaj,0
ma8sspdeas,0
vjgptbk28f,0
3cthwy3zfs,3
vk8t9w9tga,3
8tkh28yuwx,3
pkvbyciyx8,3
f4pmz6zqzv,3
jeum2ek5vv,0
vrmkxfh9on,3
b6x399ytbv,0
stgtdx3gmy,0
ckkgmh4dyd,0
wvux7suern,0
wui5tfvncw,0
taty6gxehr,2
6pkuvaseqr,3
3prsjwlq3p,3
zd8uxzs2ej,3
h39hnaxhbj,3
a2up6gbu46,1
zictllnghx,3
ff89mevakv,3
annxzxixt7,1
gph5ohapjg,3
2fvmtllznp,0
lwgovpyzvq,0
yxctwtzrkb,0
8odunepmss,3
frmxtezdmm,3
iaec32a9km,3
vwhkazwecj,3
nftxbsx2ln,3
choyhv4cz6,2
nyebfnjjy2,3
fpzsafjdue,2
prurqxksjo,3
s3cfcjr8x2,3
npwqx8mkbw,3
ewpdsumntq,6
jia7shkyge,0
b8xet3apng,0
z4jhfnrprn,0
gwxkfqv2fj,0
xpaoolkukh,3
7cs7gx7oof,3
mdnrbaztqt,3
cnwdkamas7,3
fdagwnepb7,3
nn8gonr4zn,3
67yg8dydrv,3
frnkwsk2kv,2
g3baozphpj,3
kdpsxthvgq,3
ng9j4x3vzo,3
bmfm5mqjzl,3
kisqjndpro,3
qvpm6ugyg9,3
xyhdbgj5yv,3
t3flayd52y,3
cwkhirlznw,3
feummksxb7,0
b7qvszjd5z,3
mpzqmsedjn,3
bjtivhpg7s,0
e8crnpcpps,3
4vptoc2vdy,3
axdryvy76g,0
mpe9dnwwh6,3
hgkxvxe5rg,0
f3ev3m9rg4,3
4elhbkntn9,0
ejb2vnwjjk,3
yksnhoyojv,0
tpkfeev5xq,3
e4th7thgaj,1
al3ykprxuy,0
9anvz28xlj,0
gckpto78bm,3
sr4ohqteyg,0
23ykackznc,3
bzqfm2s2dx,0
ujrcc6vbeb,0
ecxjva2bqr,1
dz2pzngck2,3
wrul2ymp5x,3
ujm3xzeu2n,0
3cak75st7h,3
jkuk7cqvy9,3
74bddwstm6,0
mbd6lqwbcs,3
tmnesdjqe7,0
lnjzufc3uv,0
a2d6jqqip8,3
sslxdxlpwj,0
9xuubbacrz,0
hubzkvpmp2,3
3clikhnh6h,3
dhm4zyxh25,0
phwbsejq5x,0
ynpenflemf,0
bg5kg8xvsz,0
ctx5cvdua3,0
4hjtqmnhvl,0
7sbxzbmzyr,3
twfssusroh,0
2hko8nvee5,3
cce9ymquqj,1
udvqsz8eep,3
x4yzuatmiz,3
4kwtetsvhc,1
k9odhyrnvm,2
vhrb6uuql4,3
4tziqjjj72,0
ms77brjrxy,0
qwmalhguae,0
h6ayepphmp,3
jbqshs3syp,0
gxvpxqqquq,3
d3cq6ixwtn,2
ym4v5yycyv,3
bup5xd44bu,0
7zfimcfxh5,2
x7unb684um,0
ssp47bjkmm,0
r7f6ua6o9e,0
m6lnmsfcdr,0
3j8vxzsawv,0
984pdxaw24,3
pdclk6vz9e,1
gc4oq7mv6o,0
o8vjrr7ezp,0
rbzqc5facm,3
36tqphbdvc,0
ipgglcg9ge,0
kfrdgvnwmz,3
xbwzcfrub6,3
whgegcqykk,0
uwhaqglhv6,2
2xmp4mdwpe,3
bnlmktlk3w,1
knhgqbpdgv,3
bnkumdrcij,0
audonpg6nu,0
yxvbjgqalx,0
qckcm33sn6,0
enibc9cav9,0
7vngpqjmje,0
pecslgstho,0
hrmbhecsy9,3
iykwzjpa9r,0
xx6sxeodkv,0
ka6ny8wjrv,3
x8henpe6b7,3
qm2bptpimr,3
bfdshlycmn,0
zmbgglxab7,0
at3tbvogoc,3
nswfacfm4c,0
k85zkafnzs,3
e28ubewrwr,0
adcouxd9cb,3
ax3vu6bds4,3
ctmpn7haqe,0
ghblde8cye,0
f9rgipdl7x,3
gp7jyaf8rb,3
igaxhrmud7,5
czpzfextof,3
9opwfriql7,0
iubbgqdepv,0
gpuelwng3g,0
f5lfcwjqaf,0
bcxjvnuvuh,3
tkez7unfoq,0
sazhno2xn7,0
m3v3vy75n3,0
fxvfdparzn,0
ng7c6pkvr9,0
zn9t7qewot,0
tgv3sc25nm,0
htbgtjdtae,0
qjfzza328u,0
kzkkfuempg,0
txrxmpvcvc,0
inhh2mammw,0
f9aqujnep9,0
de5umrskoi,0
enxdcnz9jy,0
ekkbemqvsv,1
7kjpkqfsxb,0
3umfqqrfxg,0
d9rghwmv44,0
y98dpymkm5,3
3kjayfyjh6,3
rwat78rnpa,3
uzfg67fszq,3
tm5yxgfsuw,3
wtirtcn6rd,3
vnkjfuvwb8,0
brfffgoyk3,3
cj3tjn77qp,3
6lktg8p5cu,0
itsngffk8c,0
septgvtbz8,0
pn29ptjtsx,0
vudfknqqyn,0
frscb8hltr,1
e75lddqczz,1
5k7tq9zr5f,1
au2kkx6e4i,0
8w3wv8kfh7,1
fnpzsmqkaw,1
jo4g7k9kc9,0
sqyrf3n9wb,0
n2hqu5oszr,0
n5kydvmyni,0
atsf3yj3fq,1
hyzq7vsekk,0
vtpqelkamx,0
3kbenpwhgf,0
f3gpx9meh6,0
jktf5i6nrm,3
nptjwdmvux,3
ylcsnoqqud,0
3lyybmhpth,3
hhhn2qmyty,4
2xvyzexbf8,3
uckfoqscz3,3
fx2pbumwbz,3
a3bswrui2b,0
szij2umdy4,3
5axw4zntkg,3
somceatf6l,3
esvnlrd7ty,3
qfpmltaysa,3
nrbxuvlbsh,3
xyfuugw6gs,3
acprwy9rvf,0
wlvreyaim9,3
cchlf4uwxh,3
k7cxaq4rey,0
udmht2lylq,0
ytzxavvasv,3
74hgeml27q,3
puaykvh8uz,0
jia7yvvzbu,0
4edwkthxzz,3
bt86xhtsyj,0
tte5jubs8n,0
2cf5jsdzxp,0
edwedkahwa,0
nzbigtjev8,0
i28egvalsm,0
kpyumi86e2,0
cmxx3gxeds,4
t2g596mo3q,3
dzmxerehxv,0
cfxsa5mbsj,3
mhgd7idbmd,3
3zuph3kiym,0
jxcvkpfszx,0
hhafstndlr,0
pcv6fkoutl,0
tvmqne9wy5,0
qbtqbsmjvm,0
azoyxj3mvz,0
wjmblfjj5q,0
amabcc4ywd,0
qbttxriyn7,0
an5kkuwf28,0
nv9s4qdpte,0
w6mtkmi2q8,0
mgmtw7x56t,0
ltrk4s4jzp,0
u9heazsw8t,0
9urtytscqq,0
hkesezjxna,0
4ppjtg5jxa,0
m8xusmsdfi,0
enx4tbgqwu,0
xyyltpubpd,0
pshsywqasa,3
xmpealzxvb,0
pfvyc5za42,0
hamlhq7ttj,0
vi4qckvgnc,0
phswnuvagv,0
grtgk5ri83,0
ruhmw8ha4s,0
zxfqxi9ygn,0
xd9er67aew,0
p32jaj79kj,0
q73xgyisrg,0
eprzhuh6s7,0
daydgnzsku,0
rfvwonbbhi,0
3vlkva5gnf,0
47fvyhpzzt,0
mfrgch8nk6,0
axfrv78mhq,0
mrkwkuq6mx,0
khzhj6dbiz,0
tqofq3gzxj,0
rvbkpuzqnb,0
njfctnssda,0
j7ifj4hr3r,0
bgorfj7k6x,3
3hdbez3i6z,0
n55vnatkux,0
9sxeguzmzj,0
4mt36qrpvf,0
nfgve56qqn,0
vts4ku2nge,0
lc4nk77hvs,0
2eyf3fp9oj,0
crpbggeuwh,0
m7cti2zv7f,0
yenuhfwx7w,0
ktrvx6glqe,0
qts3vy5wlb,0
mmsvg5ioqg,0
tuvpm8eabs,0
coxnpskfhn,0
bmseq6gj9e,0
gthp4rxnjg,0
qnsg6apdd4,0
2dqkytqnun,0
kfz6grvg4k,0
onseocsm8a,0
7vacsmp5fd,0
rvcvg25rg9,0
gvuu3lfgzh,0
cdcwtnvr6t,0
ncqrgzh3fr,0
5adw5gr2dr,0
vgw7gcrp8u,0
8qsart3sya,0
mfyyudzenf,0
6gjgzrza7o,0
5krkxx3s2b,0
5hv5xqhtqy,0
sqbim4bvjn,0
zrmkk2898x,3
ulaxyqgylh,0
eu7xlywv2w,0
e66ace3vvs,3
x3qx828qm6,3
2cnb7bofnt,0
g4jfiyubkt,0
evfsjgnpyu,3
v4hu6jahlr,0
qteu7uhws6,0
9t66yqrj3j,0
tz2qrodwuq,0
rtp5kzanur,0
ve6pnhcq77,0
hrxjhrgank,0
tmciayfvjs,0
nq83z6wmx9,0
mujsdbgex2,0
gandcwdzxg,0
dcnx9c7jra,0
vtxhykkgmh,0
bx5cvzfy4n,0
oewujckwvm,0
rpju7hhbrm,0
omjlnnteyl,3
awcqlhhwbe,0
trbxrusdya,0
gpqf9wl8n3,0
ajsfymufnx,0
m5r9ssektc,0
59mx4jtcwl,0
76auhfxxip,0
dctpyja6aw,0
i6v7b2rzzx,0
zhkaoqzumv,0
2ryksm8aas,0
9twqirrlpp,0
xj49c6efcw,0
biequfpxc2,0
jmrsfvfaax,3
lxqep4lhkt,3
jvhjjwpcft,3
6wgzzqpktw,3
48cc8seyjr,3
vuasmyuaos,3
bpeftdajmy,3
mw5lrzkfk9,3
uashdzvaxu,3
nhb4rywaqm,3
edyx2ne3bb,3
dhmtnwzmki,3
al4kuubwur,0
jky3m3vamm,3
rudndgkhol,3
zydure4j7k,0
bvfnfuj7bh,0
mfvh4g7qyx,3
bzclwdnh6f,3
k9pxsrvmcm,0
h6mi3u3uu3,3
pmxabgeqxp,3
omminqxvqg,2
4sc3aayvnm,3
x53s2zxcn5,3
hdy6fsae6h,3
emxdnkvfps,0
eyx8jzmxka,0
vf5yjpa6f3,0
yc7dwhtxjh,3
wqwnbvgemv,0
duj5b3gkmo,0
zz33egthkw,0
hmcjjd8t5l,0
4alhyhxhyz,0
c2zacdnhb9,0
cduxybsbxg,0
nlivwzts5a,0
p2wscgnypy,3
kwi3yvkstf,0
qlm5wjvtdz,0
ayqpeyb2qb,0
vh6pf4xpdu,0
gbukqgftcp,0
aaoepauxts,0
kwbgch29xk,0
jkzunfmunc,0
5hg96mznvp,0
g7qaemexrt,0
te7dmz6ngu,0
ykldsfgsfj,0
bofygygvtb,0
tgwsr2xsid,0
cbjnhzca38,0
fu7ctykfij,0
5d8yonhdrt,0
befnbauk4r,0
kqs6q2i95g,0
c7tsgodx7z,0
84i8mdn6k6,0
njgo6s7tgc,0
vemjraf4pd,0
wx6yyjswpw,3
bq3pqhqoun,0
wziarybi74,4
ctnw6kycec,0
8jh23ase8r,0
fwtiiaaien,3
msdxmt3ccm,0
b7pj2qzwfg,3
usgwadnveg,6
ctbcdspczy,3
eqc8c994kb,3
jkt2e3t9do,3
kjq9suk27q,3
ijb2rsydof,0
agsta4dzbm,0
ewzevx4eyv,0
sl2adarmki,0
mtxm8dwr5f,0
swfvuirosc,0
9q4ikebnrj,0
yjpz3dpdv2,0
mesj8jc4qo,0
d7peg8e5jz,0
r4nmeyycna,0
jsfosyc4be,0
o5wwyrkqic,0
36py3lsacd,0
hsjmwzocym,0
manq9cp5bq,0
jygozehmys,0
fbejxfbgvb,0
yuvitsenw5,0
aox8dy6kkr,0
fm9obdtwqm,1
chbwzkx4hd,0
dcrx8vvztx,0
vhkbyxvvab,0
mghc3xtnnc,1
tktj98vwfy,0
hkgqlmhphq,1
9s4ja9zr2z,0
j3yqbfgy8f,0
mijcdp3ybr,0
bcmfkpxsvn,0
gtyjbmbgph,0
a5udddlcrz,0
syoprgwey4,0
mg4mcxz4i9,0
u7dagx5csv,0
fvzsijncs7,0
juxxceuazo,0
6axjhnfauv,0
ktsaqlnouk,0
nnravpzf6l,3
d4cbzlf3zm,0
amjevwi62u,0
2hjsmjqoeg,0
nn8posud6z,0
spgmobxoeb,0
cd2nhrw8jk,0
hzubzebklj,0
nycoxvqjbf,0
amqqrz3e3m,0
hvybpqctq6,0
j8zpotgaem,0
yznkqh5pju,0
dkxx32dfhj,0
ehrwkzovwf,0
vaswtaxghc,0
tkdpziqjir,0
g24gxvm5xf,0
hishqkvemc,0
2l4qe9uwyp,3
rwlujdxyrw,3
8js86xhwmu,0
khqq3fzwnl,0
n2pjwecibp,0
9z7jyzaqpn,0
fjbt7swfdx,0
ezxvtmn2eb,0
67gxcmbxkz,3
tsyidkgwpk,0
cewwgenmrg,0
7dj7cnpqy4,0
qlfdcqosph,3
pbe4a8lmnd,3
fb3eo9auue,0
ivnmeaojdd,0
aku9jsh8mo,0
j5zdxecwud,0
mrw6hk8gat,0
9ncpabukfj,0
rmprjcn95w,3
clw224kqtv,0
2dv9dvwwzw,0
cmb2xpfqzu,0
tdpbs2cbjp,0
qqugdchitf,3
hqkx7cvhp2,0
r8xkhqhqhv,3
jv2txneby3,0
x5yd66pguy,0
wr6pg5a5p2,0
ylkaje28p2,0
2qu8scmasv,0
e9xnqgpbwo,3
j45tpm6ngj,3
g3nxwcovdx,3
asf6wlhmwc,0
tnkbruxbga,3
ihqkps6nco,6
hjirkpp3xn,0
hdspa6ansk,3
2p9zwjseza,1
qt7ikvjtsv,0
dqctcn87hk,3
ms2bfftooz,3
yv9vm2ls7x,0
eks36dc993,0
4kjg9dcono,3
jcfml7ahs4,3
gxptkffosc,3
koafqxgjkf,3
hvhn24badl,3
qytuxupw37,3
a8flrbqmvk,3
ybxq7yumwu,3
8h3osf7mhu,3
m2tciamh6j,3
yyjevtm5k6,3
2han7282e2,3
viehvquvxz,3
jzt4bkcwcv,3
mdz2jkk2yf,3
wwdugujcxd,6
7iedtspzpf,3
dc4mx5ku9u,5
xuang3ebhl,3
jzfbjjtvca,3
7avaslqcou,0
jsw5by2avk,0
nkzmckhl7y,3
mbcg9stkvh,6
5fufk2verz,3
36pgizgmgx,0
cetqlgymh6,3
u5gkbsjdlg,3
6ms4wieefx,0
mcbicuqtev,0
bfj9rzlzub,2
6b9jwjqtg7,3
gujmppxmwy,3
hmrbtesdjq,2
4xv3ih7typ,0
fupcfxetde,0
mvp3kmpg94,0
yw86xbzsdc,5
bqshnfwt9f,5
ynundyn8rx,5
yytnypxgua,0
kye3hwgj8h,3
ueqzbtlqoz,3
mbaxezq27l,3
drjdz8kj8p,6
24jyazdpcb,3
cbanqa4dev,3
hujdtua97w,2
sxzpwnebcb,2
cclldvjfrm,3
9uevdma4wd,3
8wpkgog6y3,3
48xpljfmvw,0
cafec98pn5,3
ke6c7sbbha,0
j2cxylrwlk,3
7ctftnm639,3
ktza47i7n4,3
325wruz5q4,1
6msu2zbyhm,2
nzbcysxwxs,3
esl4bfhekq,3
tndvophglk,3
7cwtqrtzty,3
fmnfjdvmgv,3
9fzuj7q26z,3
bbymbcxi56,3
zhebvpmo8f,3
cqowfhmuar,3
dgnk8fbbqu,3
8bp27yui26,3
jfaojtpzg9,3
e6afqxmd4e,2
njb9zakyuq,3
jmyipzq8nx,3
rsoxsroee5,3
7xg5lhatds,0
ghhmsdbh53,3
zyyqtbzf8n,6
mpkewg5afv,3
gnp34oidby,6
k2wwbeybjp,3
ideqlu6xbx,3
76ayspb666,3
busrfjobvg,0
jmjaikjzrw,6
w4mtkhu4kj,3
pgrbwyptdr,6
hqqxwn5mmf,6
6dtudcqwuf,3
wjrpxgdnax,3
idhn9jfypq,6
nzldxe5mqr,0
ewcu5ffy8c,0
a8yldwm93b,3
xhnrfaszec,3
f76kg6kagk,3
uguzw9rprs,3
kpavcg35ys,3
tdxdrijfkc,0
fwnxo5ipc9,0
seouwcfdky,3
qaanwfajpz,3
k5j4hm4ewr,3
y9hnqdvvuq,3
jyyrtszjyp,3
uevlgbxq8e,3
x288typ4dv,3
yjdj3xk5d4,3
mbx4quzmmg,3
p3x75hfmex,3
ts7bst4dfq,6
n5svk58few,5
z6ncgg7pvj,6
bvqxgnjbq6,3
gv2qpcjrnu,6
vfmhfphjm6,6
rbpwcwbhcj,6
cgh6pxdo6r,0
gzjsra7pco,1
gf7uztm4qm,1
4pugaxxnar,1
czkqlpuwwy,0
ohh9nh5q2m,0
cuq7tv2omx,3
dsavsh8ltt,3
pabcry3gtv,3
sexqehko6z,3
nfbpjhwnng,3
ianon7acg7,5
hgnrczamys,0
crlwh2rdvc,3
avr4rnf37v,3
lbpzwh9tri,5
5sh6fmwgov,3
av5abbj2yv,3
f2myufvbqj,3
ljzhyjjdzv,6
w7txgkstuz,3
vdouyoabdt,6
zxc4muehxy,3
mnzeabngug,3
35chmycqrp,0
bgredzcyx9,0
bxiymv55me,0
4ihuhvgpvu,0
4yt95cutoj,3
sjrdd9axq7,3
kyfowuyaxu,3
npfvrrpmxz,3
mikakkblpv,3
6zbzoepazb,5
gu3mmkvfc2,6
e4pecaavso,4
i9mt8mnudm,0
fwdpkarhsn,0
nyx44u58s5,0
t7498bqqzf,0
ck3r5lpkkd,3
de2hyt6bpz,6
jafzx2b595,3
jxpdmxetse,3
gqkhd7kjcf,6
mv7c3nk5xc,2
gmkhn2ax5i,2
jrrgndgiew,2
enbkudjekz,3
zddfdfr4c2,4
6fgahp793z,3
hbmgehnwym,3
6icmmbzkfn,3
ybnitwomky,3
frlwybvwbe,0
7znfvjfxan,0
kttr4zarf6,0
hn5mukupkb,3
zw2oucgaux,3
kqcqjtuxxg,4
f59kft4q5b,3
2hcqcabqs8,2
uuafpayp8c,3
5rslhxdnqv,3
wbdgxzkrkc,0
rjlwguqgax,0
ft9k7slgun,0
9nynpl4ppd,0
uyo6twamhk,4
qe6znxw3fy,2
sfishhp4on,5
8gg6cbezsg,3
chc37homwd,5
n5j6ogztzy,5
3r63tu4qak,2
6admxnuccs,2
6hn8w5guor,2
dgro6rvzzs,2
hprbdsjxs9,2
ffzkaqy5rz,2
cdpkjavebd,3
q2q8mh8cbh,3
nk4kez7u2m,2
ocx66jogun,0
4qa7xpdxra,2
5esbv27r9w,5
5nqujvksqt,5
t5m9xgp3os,5
6ydzntdnsq,5
l45skpfpkm,6
ny2dzq5gzh,6
dbsrq5xnft,4
t9bizrdmgn,5
8cv8jhdzpp,5
bepqb95pql,5
t3gum8sdxt,5
f3xecmfdqr,5
mcwwixaajg,5
85kqata2bc,5
kqgvju74ut,5
78vzt2e2np,5
7jsxzwaaew,6
pjrpnydcyy,1
jubnasllcp,0
ng6kz58htg,5
wypsd3gz3p,5
eyacogpnyg,5
6nj5dnkmlc,0
koflnkrzme,5
bfhutgaatt,4
yf2vgb6mk9,4
o4s25rc9ew,1
exezqqcndj,1
2mdcgyqs2n,1
wbhdphmruv,1
6uym4c6say,5
2aby5lm7s5,5
stpmgvn5k9,4
2yjvsthxck,2
h9bocac8r9,2
ese2sykzxj,2
hkwsft7dvi,2
edykfswpbs,3
majrwwtpry,2
vu5cjcepjs,2
9abgnjpbso,2
24d983q6sy,2
y6hr59v4ym,2
ebgqytw5fh,3
ld7tuszsnt,2
srw2sqda3t,2
6zug3rsfzs,2
gdqcd8lubt,3
zmshttmhpl,2
2jvkgfdeyw,5
qubjbewxsk,2
lrzhhg8aea,2
e4nsjdfcdd,2
gebfs3usfq,2
tfqvcuabfp,1
wwbt58ny4l,5
3mpm8tjtc5,5
mh7kk5khmz,6
ynmhepdnza,5
cx3sxhpybg,5
v5d8shzm6v,5
cackmpwev6,5
gv7tvuxxl2,5
brlzzgwrzd,5
wv2pvhkkrc,5
8rhncsr8h6,4
sd66g2uf9b,4
eskpfapbtw,4
mrd7tvufta,4
xa7pqvztwv,4
hkh8vktelt,3
gwpoh4z9te,3
2vne9qysdv,5
tgnyrhqvoe,6
nwbpzyc4df,3
nl5orquhxf,5
utsqsxxvbt,5
ksdbfvzbk8,5
lnba4tpvsa,3
suqnjyxqdt,5
nezfegtste,3
fjbzjqhe8a,4
iadsz6vspw,3
7rjf5lbpjr,3
u2wuv3bhsj,4
uxauqe6tsc,4
g2ozwcpkle,5
zd93ahfafy,5
eha9utwzga,5
2tpia5gtad,5
fk4druckn4,5
atuz8pcssg,5
ebwk2rbcsk,5
rcjchzhmjm,5
etp94pt4wx,5
sxrkmupv9t,5
gn8vwglbco,5
wa98p6mnyu,5
cgjrxw5zpl,5
rmzg4uqxvq,3
eon5pymi48,4
22pujdqtiu,5
6u4ulxt5zj,5
mhh7laoml7,5
eeb4llnkrb,5
8d929rrzpf,2
tcaqage8lg,5
hhwrqb4s69,5
v8q7nfskw8,5
3dgvuphy6q,5
gg8sbysgee,5
3hmz32mm88,5
z9bjnbdjme,5
f6vmzdk7hx,5
dtvvztfxzn,5
wxpflnrklu,5
duwp2qncru,5
dm2qc676dt,5
nkrtrsxcvd,2
m7cbctwa5r,2
ywae9jrz9h,2
nlhtk7nttf,2
m2juh8acwa,0
hhvzthgs5k,0
8evppkzutb,0
en2qj7zqg6,5
ih6eupsayu,5
8wwtn9ppdc,4
xqbvspzcmb,5
cn96kc672h,0
nahhjjwub5,4
s2c7dwxhuy,4
bxnctctdof,4
43qtlvbzx6,5
ztabkyju5r,5
jak9sjfavi,4
eawkfdcxxa,4
djcspjyvj2,5
j5b32fftfp,4
9jhlt5ai9j,3
fhl9q5ftrw,3
vqhjsmt86y,2
jiawybguyp,2
giuxqzxnob,5
h8t2hn7rar,4
2zqhr7y6ua,4
hkjdqm4cxp,3
c8gcnmvjzt,3
tvw2mh6wbp,4
smwn6foufx,4
mqcjmiop9k,3
g3mnf88wyh,4
inq4b5g8de,5
nrgslcpwlj,4
4qnlncjcp2,0
3w7wkhte9b,5
bmhbdkqvcs,5
gp243ybjht,5
54eivaa5js,0
bmmnatcpty,0
fhqygscadh,2
ubkremxpja,1
xrxx46ua6i,5
lady7b9nmr,5
7qup2ocaea,0
h54beedutm,5
z9mabu8zzy,5
mottgvdgrn,1
kqfnz39cry,0
offx7kq4pl,0
llze8sfhqv,0
pmk3xspekp,1
gwniytyu2m,0
fjevxd68r3,5
daucnyru4r,0
tg6y7xtbtw,5
jrvkxwdww2,0
rnkunscmaq,1
uqcgykeddm,0
dcmiae7tad,0
mupjsqln3a,5
qaqx3urzek,4
gcvxujopai,5
3xva2d78ug,5
8sfsjrbvdf,5
6y5eebrcb7,4
appuy638kn,2
49xn4sufbu,3
7anmwzxk7l,2
edpkpqhgjm,2
nn2bk2aiit,6
fbsuvk6zc4,2
rg7fqm3acj,3
hp9ygz8jbb,3
kgk8v2zamc,3
diwgykkgzm,2
mdrqn2ekgc,0
njam3jogsr,0
cygnvc5mrr,0
noggngnwjg,0
fpxkdbf9qw,0
nme3izcqtj,0
hfmrlbeqst,0
jkeizre6rm,0
dmkppxcghq,0
2qxdplkj9q,0
epdohdsdzr,0
fxxegnnqs5,5
jzgypauzsy,4
hpjtdobv4q,5
kodu5abpkp,4
j66grnxond,5
kmc7wzyxhs,0
zpkxbmsr7x,6
hareagxucq,0
q9b6rxx4bt,5
evbcxn2jvw,5
7fqra5iy2s,1
ctzvpblpn8,1
gmykiqq5yz,0
mu7uqcvcga,5
zfu4gtmpsv,0
5ql7szjxv9,1
6wp5lucxda,2
hafgerjdka,2
t2gs4zvgmp,1
jkbqqcsufz,4
mh8qbgbxym,2
bu8ykdjjmt,0
9qdalszg3i,5
q2tb3kg9gx,0
9nb2vpnix7,1
blrlo4wszb,1
x2iazuttno,1
q6rqwan7gk,1
6dwczwchxk,0
hreptsp5yh,0
wlarbwpwrv,5
yy6m4tgzwe,3
2njnxzt9tq,0
nvgmuvvgzx,5
ffh8jsh8cz,0
658uiq2iux,5
zvjnhce5wx,4
mw6yhbmuyi,2
dskufpe4h5,2
ao4emf6srb,2
9j5etz3qvr,2
qxhju2kzmc,0
z6ebje69zm,1
bqcgulmzoq,1
etijeq5egn,1
kqkredjwmn,1
h4celtitwz,1
c2iuj5yohs,1
3fepvdpgsu,1
6knnn3pptg,1
rn5tuyrwkw,1
snxro9cxpj,1
jrmgggydgu,5
6q3hnjqnpi,5
io9zyugwha,2
bexxnj6o8k,5
4yuiq8n5wq,3
9fosniptco,0
i9ohbjqamo,1
covogyvgcp,0
8vtqkp626f,0
9js8pjtf3m,1
uq3ejnmzsd,2
pbjpyutavf,1
abyyg7gjb3,1
nqw6rwrtxy,1
6wm7gawzcg,3
b4awltjcee,5
pxeiudtbcy,5
r2duat5bkb,1
zrgskpsmhn,6
n4j7xretaf,6
jjbgpsfc9p,1
cyowiotw3a,5
adv6ogpkky,1
7rphmgtqm6,0
upobf4ut3r,6
cuycvkcbxk,3
8ysbcchdqb,2
hss6epdwfd,0
6vxuqr7762,1
cjlwfsdxqh,2
3fdqeln3vn,3
nxzwoknn2n,5
tbppw7niex,5
kqhhk3hryh,1
eq3si8pnyp,5
pu5bvamqlf,0
jfp5ubairp,5
cd5fsgs8c9,1
zgcgavtp7g,1
cc3vacd5fs,1
7qrzdewbue,1
synn3ogjbc,1
v5kev5iesm,5
p7rhfcyuq9,1
wk9i66sieq,6
eafvq6sxx6,0
8tcqwb9fdk,0
5dx7rdkkh7,0
kgovjmgw5o,5
kvepxhwn7d,4
hslgi5lnr4,0
3em4quzhyv,6
9x3ldcm7bm,1
kdciwqyoxu,3
7tghwujwnp,3
fglw6bzkra,0
cy5ochbw5o,1
mpggfzn7j4,5
2cnkjh4huk,4
rwugk72qbg,5
6ktyc3q8pi,4
n7xw9bxosy,4
tqzdphm8jw,4
3vm9lnprg7,4
crh3dgkmsc,0
ggegiufwik,0
c8x7gmem8q,6
ltg3umvpti,1
5x3d5ive5m,5
pypobmh79x,5
ia6kczyeun,5
rz92tj4o3y,0
g4mr3hfpmt,2
m72fdjzlpu,6
xvbfuhzb9f,5
mhbfshamw9,5
chpx9rj4zh,0
4o65vq6ry4,1
cucr4nktuz,0
jrpksxyx6d,5
c6jkqbqfcu,6
erxycyp8pf,6
bwl43znpoa,0
gqulqlrnjj,1
dsoenzfz7z,0
7nwtegwt32,0
yrvxu4tcg4,5
h3hpfmthab,5
vf9lxndnsi,3
b28tjdyg6s,5
vfxtakl2gm,2
gngdg5dlhr,5
ftkwezs299,3
udepsgv2ug,5
cpsvezysxd,2
6wnsr9rab4,0
mguruptqgb,2
kxkdvdrakd,1
iv7gq2ervj,2
vbc82fxufg,2
8qhd7sy6ks,2
aqb2ngvcth,2
gm3qm9cusy,5
95r8cxtxpf,6
rm7c5hhwqb,5
jsul768ted,5
4vq6xyfgjm,5
kuwnm6ipyk,2
am8eoxoq5i,0
nveqwnh3ga,3
bceppcsts6,2
ljr2tz3h2s,2
cfzxwm4jji,5
6teb3ebysp,1
9dzqjipgcz,1
xyckzcarfh,1
nu6vmw4bpv,3
wk47togcdv,6
dbgbsrbcx6,0
sbefafihsd,6
5ztkyz2ubd,5
jxjksf8y9m,3
rnhuvo4rbi,3
hmelj9kdkr,3
wdkgqtfbkc,3
lltshwje9q,3
h2p2yxxbup,3
mzskceodre,3
tgi2ltsrqq,0
u3nklhviar,3
j9iu6hq7ej,3
jt56vsfpwt,3
wlx3utctgh,4
m8frv8ycfn,3
em6wiouc8p,4
5nsdxpgyvv,5
jsqlvdmyfu,2
keehqv7xgp,2
bow2fh48yv,2
88ds4ewuro,2
biwmexbfa6,6
pamk9vhkql,4
ol7zog4ey7,5
7zmyvptbpx,4
ilb9akbea5,5
ixqdx3nktw,5
vvbxx8wquw,5
nwh62pxbnd,4
kdyrm8gnpx,5
dzfqcdxqxv,2
dtbf6osgmg,6
b7c8xm6b7e,0
qsykunwjdl,0
iee297qyjv,1
97er8jmbpb,1
mm4vkcxjje,0
4jcpjdegca,0
y6j6vouhva,6
elzrucen5q,0
33onsg52f2,5
fddbhrhuhs,5
8j9uvlq9fi,5
dmvphftpar,6
hjggcqj8f7,6
n4n2xemho7,6
lxmggvmfpu,5
auchvstit3,2
z6jgpaf2ym,6
yfa78fqr66,6
bfvjtacxjj,6
8qctwcnjmf,6
ifimbgam6n,4
yohsq5ax3e,2
nvbr3vyej8,2
4garvgj3bz,3
ajryfyblqf,4
jyioj7fi6k,5
phnj6wnt2t,5
ctgswkfnrg,3
zb5ut3vkhn,2
nzg2pwhppp,3
xebn5liftu,3
dbd29w9rnq,2
3bkvyycoep,2
n4tjjdjncm,2
6anybdgsle,3
eqovpqae8n,4
a8yaskxfxa,2
7jgszdcc7m,2
zzijnoebwv,0
egbbx84snb,2
9duy6nsgfl,3
y7qjkyg8uy,0
kuhpwv9888,5
7zmbyngrfe,0
kx5sxmhpbs,2
vk2ycjbhwh,2
souunuqlf9,0
tm3wb3p7pg,0
7dwmvgemap,0
c25ru7sxja,5
oqrylrtczz,5
zee2ucnsmc,5
xln8bwmq3s,5
hrcnkzztqx,5
h5rjw2gkxd,5
eshwcrrpba,4
ygkun23frp,5
be6vfcnwf4,0
dfz8ymfngj,5
gjbjljvxjd,5
xtipzby9iy,5
gcny8gymwk,0
n7nyxqkwvy,5
yxtu8csj9l,5
ggz7lv3wns,5
p8ygogdhvw,5
pzt2w4z8ff,5
zmxsaegkob,3
2zi6w7mzkz,5
dpdktb6fsd,5
qtpmdslge3,0
nbwntkeg8q,2
edx6wesfjv,1
f2lorgczwk,2
ce7y8ikhlv,1
cccrln5qkl,1
8oa2ugciam,0
ezse5lvyyk,2
pszhe6lgbk,5
myfh4xqsxc,2
gggyzv8wkj,2
ypnsmsyqgx,5
cdbqktmbkr,3
dbfktna2qf,3
aypgnmgtcn,3
7cduywb2sw,3
ntdt7z8unr,4
j5x9wgqra2,3
nfmhjagmuo,3
fwffaa2eqf,4
gwmnradfpj,4
dxzsixcmu5,4
4di8a27gvp,2
bqmrxh9qk7,3
iwrkpknrpf,3
isanjxgcgf,3
macuszsxbp,3
fqjweh4ctg,6
j2pbfqs3ew,6
cbqioa7r9c,6
apfdvmuqq6,6
qydoftreri,6
7u3nt8jov5,6
pqmhgadapi,6
kuaapgm2eh,6
nhosqnav9t,6
yjla3yxojx,0
liqrvwq22t,6
fe6vsgdze9,6
jzidy6qb2i,5
usgkk4kpny,4
glqjifv3xx,4
fuwdpusvov,4
3fxgxqfkak,4
lqamwwixin,4
7rzgxsxpgp,4
4tih7be7xu,4
qov6t2yf9f,4
tijw3erly6,4
ufchdnm9r7,4
hcpwgpaqnk,5
mqgdggbe5s,4
gq3btu4wqx,4
mtosptucyp,5
3wtp2tggs4,6
nt2sbesn6f,6
93rwijkztr,6
52bggtp9um,6
ub6d4tz7bb,6
pv9gkkfbdt,6
kuerbzomb9,5
eqosrx7nda,6
nqrgmqkpxt,6
mwk8x74qqx,6
mbejcjyuns,6
9tzzx8vctb,6
shnw6nskyb,6
huzuurabsz,5
aeeg4wfl4n,5
yuzajurdyh,5
enfzwu3jfe,5
uc8tttxgzr,4
mxfwn7xzoq,6
a94dyist2w,6
dadryegugr,6
blukkye45b,1
nxkhgwkmsp,1
upxwjrtypq,1
hahbgncpkz,1
fjggm8w6bt,0
mykbp57rcq,1
nmt2nc8nss,0
9rz72wgqj5,3
hayvedxwtq,5
clg8itwspt,4
jxqbdjbris,0
p9vytngpqy,1
m7mouepugz,1
dbb9ck9xcm,1
emforypwm8,3
ovxzfqhjvt,1
w8rhmxsmqj,1
t9zk9vvnrc,1
hjvpkektgf,1
4dhbybofnz,1
bpe6gewtcd,1
ltwsmaacbp,0
ldq8tshumx,0
4ctkjwksph,1
kz6iq4fmkn,0
xjow7kmihf,0
raaubfhkua,6
bu4m4qcfap,6
qswuuuyejh,6
pr5gkpank6,4
nmyjugdrew,4
gy7csokzqd,4
87uwfxyfou,3
j8tf7xnr9p,3
ba3ubcm87o,3
rm8ojed9ox,0
9she5cmsvh,1
ehzxk2abpu,4
lc6pfayfk4,0
jzjmdmu49e,0
itc38qej2c,0
cprosquqrx,2
a3wxttumrd,2
absdhznksd,2
yvbshveqte,2
lnurhn7pvs,2
vhvk8gejcs,2
cetbrs6bej,1
avvfac5fhs,0
jfgo7vtavf,2
zeqund8div,5
a5mmudpzar,3
a3rhphcfwg,3
4rerfcfqz6,2
awevsqvafs,3
gjknyp9dp3,5
xdyjqncbyz,4
lk7smpstyq,2
kk2djgp58q,2
j8jyd7djpk,2
couwvyrwer,2
7nkgzebyhw,0
dnft3rbzjf,6
mfkcuf8xed,6
sja3cxrjzv,0
izntbk8xnu,5
wgdxl97t6q,0
gxvgquypa3,0
ngsv4jhsmj,0
qp6fnarhxg,0
fpeqexeddx,0
aktuvfb4yx,0
bnfju5xhng,0
6qanqeem9j,0
sm6bjwb9xp,4
bvsgqxtkvj,1
uhe8usds4t,1
enn5t4b5nx,0
m8szgcnwz4,0
xdqrjtvozo,6
pvz3jgs9aq,3
flscqjoobb,4
qzqgftanvw,0
ebwzbbtwvf,1
awzmw34zkz,0
nmheg7drp4,1
zih83zvtoh,0
sslyxdatyd,1
ur2uebm3pm,4
ulvbut3bsz,0
ekmihc5jkg,0
hvebichwwn,1
kb9e28andr,0
a2ef7pr7yz,1
4fdyx2ojnx,1
vsasrcsttb,1
kd3v9qhqzy,0
fmwggnpbsv,0
evs4wz45ur,5
n82cer9p7z,0
nwye7pltks,1
nin26j3g5c,0
pt9lhnjsfy,2
gjbbpe8r4b,6
qks4tmhanj,6
rapyqyhprw,6
xcidjckm55,0
rtl3rxamwz,2
2435ikdnmf,2
4qcghxuwgs,1
5m2elcurus,0
b3n3bcmmf5,2
xtxilhhj96,2
jel8ylznkz,2
839eftmda6,1
jsb8vestwj,0
fhyqhpfmpf,0
vtprgegjjd,0
utsqpo5jlq,1
slmlhntiwn,2
9nkmfnhky3,0
gqrk9vph2y,2
m94ffy9vt9,1
wdrzs2ywcj,2
jphyw4yjcn,1
mnztifpjs6,1
lsbo6rcgvy,2
2afoqepde8,1
af5zqcu4cu,2
miuj4xpotp,4
nsaesqz77l,3
w3ykxqzpnn,3
fib2xnediz,5
b8cfwtqyrr,4
wrjuxptq4f,4
kdr7qft6ez,5
mgwfl4jzfr,0
auyg9vs8bt,5
c4wmtb8g3w,4
m5uevxnndc,5
zr9b2ao9af,5
matizr4obv,3
nwahfqyjwp,3
ktubewjpik,3
dejlf7k3qo,4
3eacezvzsf,4
gvh73zhwpw,4
cdprwjxveo,3
5wlpruyeth,3
hdwbbmqxz9,5
dmgnrqgho4,6
ec7ihhcshh,3
myxsjjxxnj,6
4ad9bf4mmx,2
eygr5ielaw,6
mbmabtu7gg,2
kdtumsxr9u,2
hckg6cynek,1
e74xrg8dbk,3
pcaw8acrex,5
rc6vgsurb5,3
4kwsmybcut,0
9d4jrn4qk3,5
hpmmqhggdx,4
abutpbvzch,4
cbitrns6hw,4
4vaoq7emin,4
knppd3drzj,4
stanaafqv2,4
hnsmnbdurn,5
zqwpcmrfjw,5
3az7etdm73,5
ndvhjbbwos,0
svgavvemqm,3
4g4unvdbwe,4
wmwawvbjip,4
jztkuritcn,4
6gthq2gj29,0
mkmhnjxxbo,6
ucojzd3a37,4
yg8obcr3if,3
6m6ruvmroi,3
hh3yby4rcg,2
slvu7k4qu4,0
pya4aujwzp,3
jyxp3mtj5o,0
dqgt6mvbza,0
ltjxqbxmb4,1
etp2gvr3ky,6
dydaekngjx,5
gpgqevfbaq,0
f6r5tpxsxn,1
cvywhx7hgb,5
wfwrtbqbwy,5
fu2diaecdz,1
7yxppvy9dg,0
jimjuyze92,0
aqq9e6wsus,1
9lfd3hjydt,6
e75ihjcppm,0
wne6wz8qka,0
qqdqwamewh,2
h4plllgzyf,2
bkkdm42hng,2
mfateaqtsq,1
cvh2bvvzkd,1
huzpalph9h,1
ujf8isixot,5
pgr3fbnqvx,4
ggjmmxjwsr,5
jmwj5727zr,5
vkjwm5fipf,5
9bbqgrkww3,5
wvwt77xhl5,5
jxvhxq2sca,5
adsquxwvzk,5
hxznsaaqy9,5
l2aqwajmt7,5
hnujqp7yuy,5
2xrd4gbf9w,2
ya7cv7ohmr,2
lwdtaykqh5,5
2qmhdpwmet,6
jfdhe88eby,4
zkutn2vngz,5
cphehmuvz7,2
jmahcwcjai,5
gfzhmtp8ep,5
eqhdatvz85,0
7wphec7xkm,3
kprws9g4uw,3
qhch4ehktx,5
58rydw8mmh,5
eqf3tzznmc,5
cuuxx5vzst,2
jckyhdnqxq,2
j8jwlpcrhc,2
r6tsbsmhz2,3
faa6kv597b,4
yqhposjdw5,3
pmt9af4pbv,3
nnp5wxdwtw,0
geyvrvafg7,3
hxk7cfajzb,5
xuwlxlzwbu,4
y8pahwwbhp,1
fgqvd4pyal,4
ktjtbhngls,0
nkazjlimo5,5
9wibu46pd7,5
codoouqiwo,0
pftnij25cg,5
gjppapmhos,5
asttgiz3or,0
wbvrixkd3t,5
htvfpp8fev,2
fxzj7c6nsw,0
6pkwjnku4p,5
tg79bgeavb,0
o3euak4znz,0
zdosfld53b,0
gvnnlpcmac,5
hvdnrqebe4,0
f2yreskgu8,0
dfsahhaygk,3
nu8aga9dzf,5
umdropn26y,5
nbebsub6uz,4
3uvy57c3bl,5
9dyrcpfyfs,4
lbkvqgxuto,3
6ormtpn9mq,5
j2rgbzibev,4
cwdxady7cf,4
wshugjh6jf,6
jvzwjqbafo,0
ks7wt5bzh4,4
ingy6ozarf,3
zasgqccvvx,4
zq4qpmbzf2,5
n455sqoqmr,4
dnm9gcxlcn,3
srzbra9enl,6
aemhkuulsp,4
n8w8wgyfz4,4
txl4smvbhc,6
zios6gewgg,4
eqpfjwqq23,0
hc2huyfarf,5
hpzzmxuxjt,0
gebma7b6fe,1
zngtbiqfhr,2
qvsejyzqzr,2
54dgefegsy,3
ujtcf7cnar,4
hfsvoh3wzi,4
mktdav7br3,4
jxuytsdt5q,3
yrfh3g3fau,0
7cks9ghcnp,1
2j9wzjegpz,6
pgjqh5nn5z,0
9nvbfecmh7,4
higeewmc8m,4
vgvu75vbnu,4
gvbqnanywa,3
btw8cinijc,2
nqkcourtts,1
xla6pvffr6,2
jbotkmpedk,5
6yjzbhibl7,5
wf5m6lt6kc,4
jgkuy7b4iq,4
uyyza3nqva,3
qrmfnvbrpa,4
qtguuridip,4
refykbkbrh,5
3zmlhgdfav,4
xao947krsd,4
appv97pbvv,3
d5vjia9jyf,0
vk5b9bq22n,1
rkwvvyd36p,6
mzpm95g8gs,2
clh6tj2pbq,0
ghtsppffyb,0
nyxurt6lhw,0
gmeb3nwjmc,2
kehtxpno5d,2
nan8ytfz37,3
9wmsa7yxxv,3
r7eylcmrcf,3
m2mhkhhmjp,2
5idmya5tz4,2
kwokxcthqn,3
gzcfuauhrv,3
3dzmtxf6ar,6
sj8sw5ekwn,2
cq3jqfhmd2,0
5barshgbpd,0
dq49uhsyqn,2
ejb88cwjig,2
zxtrqczhsf,3
cyxw7rjkzx,2
ecgnixlcog,3
vuma8iybdg,5
5r5djcuytg,0
vumzmnwcol,2
cfy7kvopou,2
88uttfgbz3,3
bxmpguzfq2,6
hdnapmkung,3
pwvarvgq3t,5
bbpmdzxvib,4
4x2vuxlzrr,3
h8pre6n8wj,4
eibjbrvkcj,3
ldr2q6qzbj,3
3gtukwnsdu,3
8mntf4ddgy,3
wwak8rvyrp,3
3cuqjdjksw,4
crg3s9mddy,3
jycct7fbts,3
7tqbjsgtnz,3
ptngyjebdr,4
dzs7tmuv6z,3
ruwgnhg9ho,3
axkssswvfn,5
bugxels6x4,3
sz8dvmkdpx,3
rwaa5qseje,3
avu7xbuzn8,5
yrhyes7uji,3
tpketr4bpg,0
d2garrfwzi,5
vz6nluhsgf,1
ojrqdsbsa4,4
dt2asryhbd,1
3dasrlbxkp,3
qqysennmas,2
qpmvrjbhgn,3
zxfbsrbdcu,3
mgfkstrqqp,3
fvpzjt3mlt,0
vwejjdwrsj,4
fpjpmv4nep,5
9aroyahykj,3
y3phgpnpy9,3
rbrcdvn5rp,2
sva7b8v8ow,3
drhmwx4pyn,4
lv8gfiybne,2
8zmofdcugd,4
bpyhjyaurf,5
y6xs56bpac,3
fgwahsfsqh,5
hxorymbyza,0
6fq7ybavdm,4
tv8gvkqgnc,2
opx9qwcwo7,1
v7h2jicyag,2
ok2utyrjfa,5
26s6bk4y3j,2
ngrwjatq4e,5
lvyu4u93nv,3
xkv5vbfmn6,6
jifxxauxfk,4
jvfack935t,2
qahbxoeklm,4
kxvgcxs9yy,5
htbj6vtflu,2
aqvm83kdtw,3
hmtaglw3xj,3
e3yxoxni6t,2
mqgxw4e36b,2
wachdyirnb,5
k5kpgwou5j,4
lhmtg7hczx,5
8nufcepkwl,2
wtgnrxhwlf,4
q2iuirwnas,4
qtdxdmhzi2,1
gshbcwdrhg,5
uh7tnxdzqw,3
tfdxqtqkkw,4
kj3jwlvm8n,4
jylyr4frqu,4
hs6gpr7gvy,2
stf7aiumuh,3
dsnpydfaec,3
2qtzln9goo,2
552qk2vsj9,0
ygulnqdvei,3
8vnpmx8af6,6
3gxsgowxc7,0
bffxuodhef,4
aqdmgetdnp,0
ogzjhsk8cc,3
4mzr4xscwu,4
fbv7nqrypi,4
qjhhnx8td7,1
jyzmpjwlnt,3
z8gwvihz3q,4
j6f37bcbrt,3
dcafip4fvr,6
hnp7fl3vp8,5
buo935lxbg,2
jpedxm3ugx,3
ej9p3lzcuw,1
jzo8pdwnaw,2
3jtqhj6vwg,5
kmh6sz7kps,5
3knmgv4lqw,4
t6n2toglws,3
uiemwdrksy,3
jfhwr4g6tw,2
hpfycbg5td,4
kz6hf6rm36,3
cmfezckmoz,5
hz79ktqvzc,0
p89vjatgtz,3
djykjnsefy,0
slzbzhggmg,2
5vraynt7tq,5
7zwlcnke8u,3
3shsh7rcvi,5
pmv9qjlazr,3
muvswdwu4j,5
gejh6jxhbd,3
d6p6wrv4sc,5
xsug58erom,5
zte55gzek2,3
oyjssuamcr,0
febwwsc9nx,6
ns85vy8nph,6
hyr5x3rhke,3
nfxjjm7y9y,4
cxylvoo57y,4
edsulfunbh,5
qrs8dwanlr,5
8kydgqnjws,2
zsyrgyoosp,4
eliqfnwrpm,5
s2nwhfcbyf,1
8ccsbi6tku,2
k83j3ytevr,4
iay2eapqbn,6
cn2nuonqef,6
fqbnu5vz4g,0
haqblzbzza,1
a9etqqef7d,6
c6zrvhu6gq,5
op8qpjzsjo,0
kp4abqrrap,0
5d3jiaoqkv,6
syl8ls7dde,4
xn8lxc3hrn,4
mhbriamlwf,3
cd7mzarnwe,5
8en5mp2nlu,3
mvbmzuwes7,0
bhxrgyebgv,5
ftjvht8qo9,0
friips2rpi,4
gygprapifn,3
sgkeluxybw,4
7sn3fa6hvh,4
2qrtm7btwh,3
6kgatb3myc,3
mfhgej43q2,3
n4uwzjqpuu,4
aazqecvzrb,4
ssprukyzy5,3
6frzj29hes,2
u4yhy5trsc,3
htgx2m9tpg,3
cb7bzm8g6v,4
egzqrqhcw8,3
e3pmsv66tx,5
zryn2ut9vu,5
sury9eswcx,5
xfjztskyrm,0
ihqwgjmrih,3
cfbuzq8oyr,5
sgxqtokq5x,6
g9bjy3jfmc,5
fx2vlgvndx,3
upq9ixlcxh,3
9yj9ozmfnr,4
5ejp7ek7gq,2
m4cy7q5rzy,4
j9rjpqw76j,3
naaztfns3e,5
8xbvpd9tnd,5
rwxlt64gud,4
pivrjkn89g,6
rsysftyeko,4
yo2tpqbxnf,2
hybbqzy8ja,3
wgyeo3uwts,4
ed466ag6am,3
v3cdjzmkm4,6
qdhgzdskgu,4
7hxatgbnac,4
9u88ifjeq2,2
g9smjbrjzb,4
3e9ivvfe6b,3
4zgqzdpp9w,2
t7of3uvv3y,3
4gizyxwuoq,3
gy33zht4pu,6
z4fpxlvn6p,6
bhdacqhnmv,0
gdyqaygobd,1
kuglrwgxgx,6
c2evwfcbgr,5
bafjh3cyef,6
fxhwbojmeu,5
9fdm4v2vbb,4
phcfcpps8a,4
fjqm6jyswy,4
fhcj8bv7w2,4
dcpqpaohvj,0
mbzmmqkksn,4
kera9h85wk,4
tgju2kqsbv,4
ukazgmzrfc,5
an2duoakmq,4
2a57syovxx,4
aynqfe9nbd,4
eylzceyory,4
o9wewjzlev,4
b3ni39kscp,4
eisonvdumk,4
vqzfagz5ua,4
7ghfr5hhuv,4
zxssgsxemo,6
2mjkw2uqwd,4
bhkvyjpprf,4
aycgjy4tnc,5
vusr9swbmn,4
7uplbhhbrn,4
bepgykrtue,4
h6wrsffn5m,4
k3akgk3lm9,4
ddzpqvwdym,5
yp5onmdmaj,4
cia5jnwqfg,5
bbksektqfp,4
7qveqpmq8s,5
yl9kjs6t6k,4
9jek4lgjjd,4
xjx5w9dcfc,4
a2dzhk9f8i,4
ekuwgchcfb,4
dj8tbbrqwz,4
pktba4kwbv,4
b4b2ppcpwc,4
m7kgd3tcnz,4
mixvwtsjrq,6
9fb9ye2mx2,5
bgkz6arnux,4
mj9yyebal2,5
nmkxpkbydc,4
4sgjg3xj52,4
awvtyu9tyd,4
27eg6xjgu8,5
4kjumsyphd,5
njmzxnkgqi,3
aja7oznf54,5
btfxhywsfh,5
hqsadmnefc,5
r7pypuuj6y,5
esaprqgbue,6
s7pmrbevdx,5
7m4ywzm4zg,5
c7psffinep,5
fckxdxxz3y,5
cg5dd2puhu,5
s4fle2dekw,5
3zrfojscen,3
fkakonbicb,2
ky7jsrhrcw,0
aefoqhnupt,0
uftcs6mtze,0
fokkvhljkt,0
gwvhyypfwe,0
chijxqlmwq,0
vpfmsdncis,3
ccu7nxnoiv,1
vpwjoiprlv,1
mpg57ucdiv,2
nazdrj8ech,3
saspm75tbt,1
bbmpyz6dqs,1
ejbhurtvgz,0
77hxtysywx,1
vk6r27bbje,4
7nyt8txbgw,1
lgrgmidrmb,2
egxuhk7jst,1
p5izglvgns,2
a3hoezpjfy,1
kmtpuakndn,0
jalmfvzhwu,1
cnxlntf4xk,1
8qqebbdozp,0
dpagjcxjht,6
zjcbjgum48,1
mfbqs7yqpw,0
y8xbs2cjow,5
dxauxwds7o,1
7qnwboyzip,2
bttuc7pksb,1
cb4zy8tzpj,3
zzphni4qma,1
zrngesg72h,1
gauwckjdit,2
abyxzekod5,6
lts3wrmtpm,6
ayiocqspcw,6
meizsjtp8r,6
8es5rgggqv,6
dkjmhhcr3b,6
qwjnsqmtje,6
mxeexh2hpr,6
tkzlsgymfe,0
5gne5yqzhh,0
snnwsurctx,2
caw5zo6pcm,3
apnuv5kdk5,3
ucyuhasyjg,4
wfbbkrslqx,3
fqcfzpgx4s,2
zt884z9ax7,2
evczunhmna,3
z9t2wbqlie,0
jgjtyqzwk7,4
zbesekmyjg,3
lgegq5jujf,5
ahramameff,4
cverplmpft,6
frsbgcguvk,0
yrkfuyk3pq,5
gkrsagtrj4,2
2ubwqcv59q,0
igdcao6fcq,5
724aucjcid,5
2atqhv74g3,3
hpyetqe8wr,4
gfrg6pwxfu,4
vczclzt9dp,5
tctxu6gpgg,6
bsbsjimpe3,5
hslw5eklvk,6
bf6xmfyj2v,5
hr3wpjzmrn,5
7is5pfn3w9,2
qq9refkyjp,4
48cmuqsbda,0
mxeplcf3an,3
a9anjnxkzn,0
lkzvv837nm,5
5ennx5xxba,2
cfkrsdgonk,5
eroyt7r9qx,2
wmtttmztas,1
abdv63dtxa,1
thenkdeunz,1
sxnbfuwasr,0
zchlj9knnv,0
rbcggyuyqj,0
9rkcvl56ly,2
pftqwpskeg,1
nsamqvyzee,2
qg8tnx4z3c,4
5maa5tqdak,1
64cw3rhatp,2
hpktnofmd9,2
eahrzym2dy,2
ludcfdjntj,0
7xt7m9buo5,5
yhzv2pdipv,2
bt5n2wrptd,2
h97vurirpl,3
hxrclayrdw,2
bjfpfka5g9,5
wykulipdak,3
s7tcmsanf7,3
9x5w6nbisn,5
x9wzdneqty,2
fea6mxunxc,0
gelvdsjre7,3
gagswemevp,5
mekwoj5myo,5
z2wb38umd5,1
huzk5jenzc,0
9tyvpmi7mn,0
93x56fpgwm,1
mcdgbwkr6t,1
qcse4zwzcy,1
kabrjrzbap,1
ehq93bbc4k,1
e684ofuda2,1
8kcs2vs9r5,1
eodnka8fqc,1
h5yuayxeb8,1
fty9sb59qm,1
auubu6lj5z,2
4ryydpmjjh,3
jbbzdxvkdc,6
qzyefpwn98,6
j4wpyg7iyf,2
ihfx4d5fmz,3
j7bqwjlaj3,2
hknbg4ykr2,0
wmvom2mqvv,3
r3rkcqngqz,3
haj87letnt,3
bd8jhrdavd,1
62aeb99xes,2
stdjr3ye23,2
9jjzckqxk2,2
ccqwjrl8gz,0
h5bhjctrbq,4
ys6cwvqlvv,1
qqyszbf8iw,0
a5cdaz5cgr,0
hh6wejhjnm,0
hgwtgxx9zs,1
b5gukrhwxa,2
enstore85t,1
7xqgfccyu2,0
rrathdcwxs,0
gsmjcvjhur,1
ey8rjyth48,3
2oa9nfaukv,1
twwubkgyaq,2
bbdwmnhnhg,0
kv3w4hf6xy,0
sdywzuqkzd,0
zwsn7pdfz9,1
cqic5mlvpc,1
fbkhk7ngxz,0
c6fwrj8ept,1
m6mrhqwkou,0
evy4trxc2o,0
duje3cg9ct,0
8282qko8sw,0
6vjdj42yzv,0
5g6ksg6xqr,2
s9wdjrhwng,1
jtorgkdkrw,1
hz8fsz52aa,1
rve4iumdwd,1
4nxfqiwuhd,0
ymxj4kktfu,0
nhq4jounyn,0
yohlkrccep,1
mmnx2baxkc,0
7fzwlqwanl,1
6vrcnwhdpv,0
xomw6doooa,1
3xqgfs7kjn,0
fehjp73pbh,1
nzqr2zapfx,1
fbnjkdlt8x,1
fgl56b8sc5,1
gpkakymnwu,1
ef4trctzxe,1
6h85cj2bsf,0
cudmndtzt3,1
wxmupbzkxv,1
9ghsjder7f,0
7maejhdedw,0
kylhshqjs6,0
oldpunegts,1
6u2djv4sde,1
srzf5hvkrd,0
atlshxqsce,0
enentnzgfa,1
b3rdppztr8,1
als8xjwgr8,0
2qrjmjmfvj,0
9kszfmu4fu,1
aqvdru93kz,1
3ysyacjaed,2
fhbapscmfz,2
4mxyyqlx5z,0
xqyvkuvyjr,2
v9pnxxzxun,5
gvfzxdperx,2
gbbg2kaqlp,3
kujw2anara,1
mdfjnxjjf3,1
hh9lysmcna,1
nqvmz6vbur,1
rdbr2kkqu8,6
t65tkncgzr,0
ltphy7pox5,5
84w28k7xhn,6
72k8kgn8bv,4
tuuawfrwsa,0
dsqawzqtjm,0
k4rstdrxja,4
3jiukn7yjy,4
g8jql4d6wu,2
5r74hzd9sc,4
nxesxsnchf,2
9w68vp9msh,0
jntln9df9h,6
ceuaavsldu,5
ghoixzju7s,3
ndy2uqtavc,5
n3be22rhg3,4
3lbhwfsiwv,0
eopzyykwft,0
6hhhiecljs,1
m8r9rr4zhu,0
bhg35iarhp,1
njmsxhwwg5,0
yhtj5ldrxc,0
ovrhwcdecf,0
yven6ee6cz,0
gvk6sfrj8r,2
cdfvcdpswr,2
55woqhsqgu,2
mje2pgfaba,2
cdmkdndst3,2
c7ytbtuxtr,2
7mjmk4amwg,1
gsnq6ygyvj,1
hcmad46wqa,2
g2uwtw8uwp,2
qbvwhajz7s,3
gqkqhqi4qn,3
psayhx9hsg,3
mliohgdy8m,3
5vviquhmpc,6
ajrnbcecsd,3
fpbvufgbxe,3
ytnan6mzvh,2
kfkb5bpqgh,3
fuhzc5ckpa,2
n2ljmhaslk,2
5x7bx4tuap,2
yk3jyvuwdx,2
kkb9ou5q7p,2
kaphymk9rt,2
iyz7hc32dy,3
mwy3xzbssf,5
k3ypgkbcud,4
8pauzteqkn,3
sgw3ej8mpj,0
gncrvuy3jk,2
ubgvvvnzwv,0
8a5vbrthrh,1
mkb7hc6nbp,6
4xfg3ajpsf,6
uxfbkuyq2g,6
i3tuv2ansa,6
r4pugekzy8,2
irnggihth4,2
hodwv7ondy,2
9snqk3vrjc,2
zj255kecbk,2
emdgn4cafp,3
79ui5xmjf5,4
dbddqxtqrf,2
3bcrdzrscc,2
3whrwnqi6p,0
w5digfxvfa,3
7djh7zasxs,3
ekgcae9nsj,3
kjprqmlplk,4
baztwdgwsf,4
6eedmxtgmo,3
ablqoq33rb,5
4pc6av5qfe,3
mue4xogzyt,4
goh5tdedra,2
u3lrometrm,3
rdce2kh8hc,1
kocdy9o8bh,3
bcumnetaqt,0
gvj7gehevl,3
oynlj9ub4c,3
e4cqijeuwc,3
gu2ppcshk7,3
rjgbsapihu,3
umscavfoo8,4
eyegxcynrs,1
tshrkrwe8f,6
h9gg6n6njc,0
3ltybuikb4,2
sfunvfsa7r,0
qktxjts9iy,2
disgg4d7sg,2
wmsgrn2vbj,1
huwq3lysfr,0
ryqijwjhcu,0
6dtquy86hy,1
zphggbvn8r,1
9fcuqmotqt,6
c54r4yeser,1
idq5xobivj,1
2vkdpj7zvy,1
aqfu77sprl,4
jtjefjzsh7,1
nthg2qrpba,2
wjonh2jpeh,2
gtpjuffr7r,2
2f2vjwluhe,3
5hytichggz,3
7xkabk3fqs,3
g3qii7wvw2,3
ibzj8lgqdu,3
wcb46rttbj,2
c9krs9lnic,2
j6spszxvdb,2
tptkt7abxf,3
wgsga4lqyu,1
hxx3zwmrkm,3
pd7soict9p,3
6nepd5oyjt,3
9tsg3tjkft,4
haosvryhmt,2
8kkkbwwkhs,1
qd8jcpjraa,3
sssfmnho9a,2
s6swucfgxf,1
ymtde4sivj,0
pmghcmha3w,0
bgejdnb8w8,0
3rm6tknnfx,0
n3pqija3ty,0
rcaepbi2mp,2
zi2zxh9sny,0
3gxmjpmbge,0
gtbjfwcadd,0
s8i3pndu5k,0
l5rirvaqes,0
2mwvpdeiap,0
vhyiv2eawj,0
5a3t6t3sdw,0
22mhjewvtj,5
rtfvbcrqtm,6
eqabptj9gn,0
mpupvpstzp,6
z2zndqyevr,6
nv52qjw8kr,6
ntqqdawjyt,6
ffybc9qgap,3
xmxv84pbhr,2
9zpqttfgpf,3
jedcmxcp28,1
t5njmwo9tc,1
ncas5fjwfi,1
njzy7dwuu7,5
mqnaeybpm9,4
4vwmbsummh,0
qzmluhyqa2,1
f7d7ydjnxg,0
q7yy58crin,2
cgljaspbss,2
7lsjfyjtlo,2
7xjfdjebve,1
vmwcm86lc9,2
gtrasffatb,3
3nwnczggcn,2
gkhd6skbim,2
cpsaj4obji,3
p3zqaanoe9,2
efobdwjdlh,1
knmo7ewnsu,2
b3xkdmwmmf,1
alcsckffjf,2
bhgz9zyrvd,1
ackkwshnkw,6
rmxihfjjwk,5
hnb3tiyelz,2
4d65oal5k2,2
nnxqycxqua,6
76excuh7iu,3
h8shzzmrsv,2
7im4bwczzn,3
ru3syjo5xw,2
wqr5vpb79e,2
akybs9rac2,2
czfhabkqv2,2
rbjmckhaze,3
zg5nqjmzuc,3
ju7zuvmtef,3
hpkvaj6qkp,2
e8kiww7z6w,4
mkxfhzdbpe,3
kx7hmwjbcj,0
s369x2cafh,2
cxqqs3xjbs,2
tyotwd6yw3,2
9hw5dynytf,2
cagxfcu9xm,2
eawgovytfc,2
vmwkudu8gy,2
f8ggnpruv9,1
4qkuflobvw,2
lauuqigh37,1
w5z2693esy,1
c3hzcmczi5,2
vzhxvomudi,1
425tb4ubtz,2
n6qk7lsxlh,4
wt2yohcsmf,1
bsyfhkbsq4,4
cpsb7sq6ej,4
fhy2drzymx,4
dcvj95wzbn,4
xetapsltos,5
hwknqyhcmx,5
cgkt5grkxa,0
67s4cgqyww,1
f8o6mnpk8d,0
pnxpx9wv4w,0
kqg7mzzmyk,0
qomf7nluot,2
fns9du2qmy,1
ndziakyctb,4
bbsedrdqbt,1
aew6btq6no,1
oaptgvx2ss,1
tvekr2ydin,0
62xapxbjks,1
3zffy5g8l5,1
tsacmaqllh,1
o8pmf2d88j,2
nos2m9b2u4,1
urnscbcblb,6
qkwm3mxk96,5
7fhy7p849p,4
kvxxbvzswp,4
vtxgovvmjv,4
kw5jpvda7s,1
ivhqakbayc,1
yjtkgwxfor,1
xrjntaggmw,0
fym45cs7ed,5
ktrnctpkmp,3
2n4egtuekb,2
qgcekfj72y,1
wstxuakmsf,2
xfhpcbb9b4,2
uprwtelyuy,1
gbjdr3wdyx,2
cks3kvvbtl,4
smemdza4vl,6
ra528svwnf,6
un5fj3kx7u,0
9w9bhpx3rv,3
3sjkecwcrb,4
coceffaj48,3
epxmyyekyv,2
gyaqwqfbmr,2
vd3kqmmyzt,2
mxv7uadzvx,2
ctuavebghf,2
g8yjucbbc8,2
rwpxbwqvav,2
muqtyrpadr,0
bmtcliuqlj,1
jqggtbny85,2
ebsu8oyelz,2
pmszirgbug,1
sekjmckzft,3
lz8uqpivwp,0
dtneeafwnw,4
xcip4etixy,4
fxumx4uanx,4
mxb8zqkxej,4
gmnnc3xcff,4
vvgipebagv,4
uwgaw4vxtn,5
2d6fgtwpyn,4
cxheld2dug,4
5gww7rnfpy,4
jgjzsztd8b,4
nrjayzrvz4,4
omqhubbmc8,4
azz6vq4scb,0
x3q58plrva,0
5pbjhfownp,4
eqzaskl3fv,3
tfvty3csxj,4
rdzipaci4x,4
mnwnc3n6pt,3
fghxwn6tir,4
ntsvby92dt,4
maxvgue35h,4
jba69ps2eb,4
nzxdiaedps,4
mztxbwwz9r,0
edkbzvfhvq,0
gjpmut5kxa,0
kb4acpdbg2,0
bfjnjbyjp4,5
dzvrhdzmsj,2
2ge5h8tcfs,2
ibx6bbezsb,5
dj2agqym7j,4
cu9mkeeujw,4
np84vivzjv,1
mka6btpt6p,5
hyfxon5q84,2
dzxaac9mvx,6
ijxzogkxmm,4
xxxxige3ju,4
erkmy5rjpu,3
hqipr6dhma,0
arsusjj5in,1
uvofclf5us,1
fd2a3kr4xn,1
mrgwjfhmbv,6
9ztqhb3cgc,2
ai8uq5s6xr,3
deevghtjgp,5
275nuxhzcs,5
z48d8vwknz,5
wjnackxds7,6
wtjmfurub9,6
5banvse6j8,1
d4zajmuy9b,2
j2h6ivvff3,5
fonumvxvyg,4
edqppzzdna,1
auvjmtym6r,2
mrka8b4b8r,0
l49ccbojna,0
z6sxuuf8e6,1
b9sq3epudh,2
8aaqeipnsh,2
cfdy9w3xjb,2
qmuq46ykck,0
fxnrcqpuec,2
dzpk5on5dm,6
dghcvtztty,5
ausrhi9tsb,4
uljt6s246j,5
zrsmmmvymz,0
jkhffh8sai,0
z47dvjb2g5,1
ml84ndr8ct,1
cgakrxrraw,0
lryemksjqm,0
5m8ghhltv3,0
bcwcpuu8cy,1
gczdmgrfne,6
qjmdd2vm8y,5
ogutevoyoe,5
nx2chlk4az,5
gbweyztsxb,6
vtajktdkde,5
kuq9wj9ugn,5
9xzp3kbr7r,5
tpu4gfksec,2
kqxsept5ab,3
kcykm2pltk,3
uya72xe7ng,3
7tedemdwzj,5
hbtuzrfvnu,5
epycefld9q,2
kjqjra8nmq,1
lwt6v97wsx,5
9mee2b5ebt,2
ycsmfdzc3n,2
ah8jqdd6ta,4
hkdsnkm6zn,4
itkqqexjsm,3
br4lfsskly,3
ltaz4ynffi,0
lblkezvc9b,6
slww9vubbd,0
k8lpmr6clj,0
jyt792g4dc,1
xczhchhz25,4
u9iifvs8oo,0
drm6rhwtvg,1
neuc2uqsdk,0
imc5zyrcl8,5
62tlbgs67m,2
scfxctbfjt,0
aofvmbzr8o,1
tzrvzchyku,4
rrh9e82cun,5
dvmblombcg,5
6hkddkbknm,5
2x9bteadet,5
jf9f57zbzw,5
goxxkpvkhd,5
brh9p7ddgn,5
kcpqq9hjcs,0
cgu8gztboq,0
sbopknftyo,3
fvbu5fkbrz,3
fvv3bs9waq,6
cop5zmd2fs,6
fh2gxhxyur,4
6j3ovnsbg6,5
spxafwwbrv,5
qq4yeqo2pc,6
2ukdzfksrf,5
4pbmjkkzea,2
4j2tofysue,4
fe6npaky8e,5
qgdbxmea85,3
huqiwfpu4h,0
ep5ft7uqvn,1
spejbltaha,1
y3huxo3tea,0
bgzgkgl6se,1
wxmrahkant,6
b9g2cnyrdp,4
nahhmghucu,5
7evcaybzfm,6
nkdhm4gsyy,4
usdbeau4aw,3
sjyakrzbiu,5
kv6pzzxfxl,3
slzmuz8fnp,4
3xnsjz2yem,4
x2cc2qaepf,4
hgiigx4gyy,4
xf4btn86ra,4
6r8elkzbgn,6
7up5wsxxsq,6
7d7tuudjgp,6
6x7pjym7id,6
ftx4k8s6g4,2
7qnsy4t9hl,3
dvzewgwjyp,6
ds5ewg3qds,1
mvu6ng76ow,0
4ftbdzbpx4,0
aqkg9g44uw,6
4etkvae4n7,5
uwwenqkm2z,4
9sgvrn8ebj,1
akkmlhndc2,1
twxpwyvneq,0
l8aag9dvgf,0
qdyigk2gyr,0
awyshatxaz,2
jjdkeqzock,0
rgkg4yijon,5
sauvwzavzb,0
jwi6junr4x,1
gteffhffkq,5
zuqz6phgym,6
2pgfztbqwq,5
muz5yhheak,6
ituerwy7n5,6
97pes7m9cc,6
dmdafasic5,6
cyq923bbrn,6
bqbm5aklp2,6
gk7zchumew,6
ekklzpnrnl,6
ldamdd3adp,6
ztiyrxofqq,6
7dpe4of4et,5
k4xz7dmqc3,6
dxr3eflcsw,6
g9ztmq9w3k,6
b7pg4bbizb,6
x2z7fptehd,6
dk87g7opys,6
gmcjcwedsr,0
n8wf82fkov,4
uyfksjsvg5,4
nwqdzicu97,0
zdt8k8sux5,5
9eewcfn5cu,6
fxgfe7musv,5
7tfcb6j6vs,5
9sskfsbx2d,0
ahreac2gap,1
k9as5xnxnv,4
qbdnzqr5ie,5
ughp4injw7,3
dmwfl8bk8x,5
eufhnvmzwc,1
nqr6c5v7ve,6
cdekgktthp,6
somgxb9upi,6
ok2smjwduh,0
xpzlvslfrj,0
lpvsyedbmz,6
mxvpxnngfg,2
3pvhfpuufa,3
fkwr9xxdob,0
njz3vvqs4s,5
qcyzx9rcqg,0
h6oddmjdyg,0
8khurcr5tv,0
oxypdovwao,0
nuqpbh2vgh,0
7gamgolmcc,0
8arqu2wfyp,2
myzyuj6znj,5
w3bqskzpxs,0
qg9a9qyzeg,1
eeuev6kzaq,0
a368f5efk7,0
xdgdcgdq8k,0
pdwmi5qbql,0
ep83bn35tb,3
e2mw3du27c,0
4c6nnuoz9r,0
isnme6nlbk,6
zetz3ph4sm,2
kcsv37q3tv,0
zecsvh4x3j,5
fgfrbbnkbx,1
hnddm49zb5,0
hapokzz36j,2
vuffvauzm7,0
kvs2vnzdgi,0
hvtfvjfnev,5
gcnlyq4jap,3
apou6sady7,6
p7ihxgfhtd,6
jgtgaluu6h,6
tfb7rurpfu,6
ujg5zpkcbt,6
ex9jgsffe9,6
6jdypy69rb,6
4q93fhhwm7,6
tprinqrb95,6
jumugutjbd,6
weyd2wqyqu,6
3mszhxcjez,6
ups3f4k2wz,6
ypibkyejut,6
empemw3kbm,6
nvqa5mptzj,6
ntb2usp5na,6
kejkqc8cds,6
9wmdace3eh,6
8ycek6jab3,6
53zrhqjyea,6
8hzkr22ss8,6
7qhhkjz9nm,6
hqs9epfczf,6
sxojqxqfb4,6
ldzhpcuiht,6
agfwbf7hpu,6
v9jiqvtbwd,6
tcetvnjbpv,6
nkyaxsrudg,0
jgfkaq5qex,6
ttjdfxhpl8,6
3we46qxmj6,0
bfsqqxmw7o,0
jsrhhxzqqk,0
lqvig7v74p,0
mbognlxrjl,6
numeivqghe,6
xamqflqs4b,1
ukghatejdw,0
hsxztuh5ww,2
gqwzhnciqa,2
gzgnc8y48e,0
do3gpazdmg,2
erbtpfupk8,0
rutabqkpdf,0
j2vypnxd2f,6
kubjk2gnvk,0
nhjeb44rcu,6
sxtp5sfrw8,0
gaimq7kpdr,0
rtefalywxr,6
xyhrjuqqkz,6
gpqy8csste,3
snqypnvgdw,6
qu3icbkzn7,0
nreev8qskg,1
keukx6mvsa,0
nyuiozvhwz,0
xgdpcjxrpl,0
fgy3nktqdq,0
wbzh8vesku,6
bkmc592adc,6
wnxl3bihb2,4
gyvr3whyge,5
wubqm7v3m7,0
ha9re2o4va,0
ivna568bsc,0
6jkcvh9udj,0
n45dnwaej5,6
4o2puhdehj,0
m5ps9ixzny,0
fz9lj5v6lb,5
jv76rmbsvx,6
dblbkwnsg2,6
ceyahp7apc,6
jwkhlhdk6z,6
tituu2qumq,6
vimz9f3vuz,6
fbhcvcddyw,4
ktzrbttlyo,0
guznxmxema,6
xhv5jlj6rn,6
blgz8szxtf,6
zhd48rvzbp,0
i4fbyprnv8,6
6bpahhe5rc,6
2uzrfqu4rk,6
55nrrthnwx,6
iljzw7twim,6
egft6wf6d6,6
7ysru6jpzx,6
umymtweyps,6
dugbhgshs5,6
utl3bo8jwt,0
yssh7e7qrb,6
umwa4zpbme,0
mvixxh7xgn,0
luxw4ls9fj,0
toaacopco7,0
hxgrfte7y9,0
ga2fhgogwe,1
b3bvwltrma,6
g3k957yj5m,6
9zf6dixkdb,6
8psyuzw57d,6
fcakptzvjm,6
dmmpbunvd8,6
hahd6tkxgw,6
ybgefs8ppg,6
fbrtxzq2jm,3
ipgkyvqcdf,6
kpsqajzfhq,6
vujqmtvnwt,6
gvpjd8azg8,6
2ofafjjyxm,6
a2tpmmfxex,6
skmyz4vaz7,6
hagnmjntbn,6
b3gulsfqhp,6
dp4h39yntn,6
wnqc6mev5b,6
6tltkbbyw9,6
8nkstmk2nd,6
aydjlucr3q,6
o9kadw3rwb,6
dfmrxkzj48,6
mznbdvhxbr,6
vgzzvlctfs,6
gebxxpjyaq,6
fn9bnilshb,6
qz3x5etwyc,1
hqfotjugqp,6
ad2kxmzmmr,6
cbgi5sxaep,6
ypsp7wgzwx,6
ejtnnrzmbe,6
ahvohthqt5,6
zc5wvnow2t,0
b3mqdbyjao,0
ejyrwpjwrd,6
htpkqj6fj5,6
53sc3fybfu,6
d8cwuujz5b,6
4nge76hwem,6
buovk8byvb,6
jswvnbhsdd,6
kdsat5k9rh,6
czecq3kzts,6
elybunmkas,6
